id,samplingPoint.notation,samplingPoint.prefLabel,samplingPoint.longitude,samplingPoint.latitude,samplingPoint.region,samplingPoint.area,samplingPoint.subArea,samplingPoint.samplingPointStatus,samplingPoint.samplingPointType,phenomenonTime,samplingPurpose,sampleMaterialType,determinand.notation,determinand.prefLabel,result,unit
https://environment.data.gov.uk/water-quality/sampling-point/TH-RSN1074/sample/1388127/observation/0061,TH-RSN1074,RSN1074 THAMES U/S BRAY MARINA,-0.6812,51.4999,Thames,THAMES - WEST THAMES,Multiple Values,OPEN,FRESHWATER - RIVERS,2023-01-31T15:39:00,MONITORING  (NATIONAL AGENCY POLICY),RIVER / RUNNING SURFACE WATER,0061,pH,8.23,PH UNITS
https://environment.data.gov.uk/water-quality/sampling-point/TH-RSN1074/sample/1388127/observation/0076,TH-RSN1074,RSN1074 THAMES U/S BRAY MARINA,-0.6812,51.4999,Thames,THAMES - WEST THAMES,Multiple Values,OPEN,FRESHWATER - RIVERS,2023-01-31T15:39:00,MONITORING  (NATIONAL AGENCY POLICY),RIVER / RUNNING SURFACE WATER,0076,Temperature of Water,6.7,CELSIUS
https://environment.data.gov.uk/water-quality/sampling-point/TH-RSN1074/sample/1388127/observation/0077,TH-RSN1074,RSN1074 THAMES U/S BRAY MARINA,-0.6812,51.4999,Thames,THAMES - WEST THAMES,Multiple Values,OPEN,FRESHWATER - RIVERS,2023-01-31T15:39:00,MONITORING  (NATIONAL AGENCY POLICY),RIVER / RUNNING SURFACE WATER,0077,Conductivity at 25 C,656,MICROSIEMENS PER CENTIMETRE
https://environment.data.gov.uk/water-quality/sampling-point/TH-RSN1074/sample/1388127/observation/0111,TH-RSN1074,RSN1074 THAMES U/S BRAY MARINA,-0.6812,51.4999,Thames,THAMES - WEST THAMES,Multiple Values,OPEN,FRESHWATER - RIVERS,2023-01-31T15:39:00,MONITORING  (NATIONAL AGENCY POLICY),RIVER / RUNNING SURFACE WATER,0111,Ammoniacal Nitrogen as N,0.039,MILLIGRAM PER LITRE
https://environment.data.gov.uk/water-quality/sampling-point/TH-RSN1074/sample/1388127/observation/0116,TH-RSN1074,RSN1074 THAMES U/S BRAY MARINA,-0.6812,51.4999,Thames,THAMES - WEST THAMES,Multiple Values,OPEN,FRESHWATER - RIVERS,2023-01-31T15:39:00,MONITORING  (NATIONAL AGENCY POLICY),RIVER / RUNNING SURFACE WATER,0116,"Nitrogen, Total Oxidised as N",7.4,MILLIGRAM PER LITRE
https://environment.data.gov.uk/water-quality/sampling-point/TH-RSN1074/sample/1388127/observation/0117,TH-RSN1074,RSN1074 THAMES U/S BRAY MARINA,-0.6812,51.4999,Thames,THAMES - WEST THAMES,Multiple Values,OPEN,FRESHWATER - RIVERS,2023-01-31T15:39:00,MONITORING  (NATIONAL AGENCY POLICY),RIVER / RUNNING SURFACE WATER,0117,Nitrate as N,7.37,MILLIGRAM PER LITRE
https://environment.data.gov.uk/water-quality/sampling-point/TH-RSN1074/sample/1388127/observation/0118,TH-RSN1074,RSN1074 THAMES U/S BRAY MARINA,-0.6812,51.4999,Thames,THAMES - WEST THAMES,Multiple Values,OPEN,FRESHWATER - RIVERS,2023-01-31T15:39:00,MONITORING  (NATIONAL AGENCY POLICY),RIVER / RUNNING SURFACE WATER,0118,Nitrite as N,0.031,MILLIGRAM PER LITRE
https://environment.data.gov.uk/water-quality/sampling-point/TH-RSN1074/sample/1388127/observation/0119,TH-RSN1074,RSN1074 THAMES U/S BRAY MARINA,-0.6812,51.4999,Thames,THAMES - WEST THAMES,Multiple Values,OPEN,FRESHWATER - RIVERS,2023-01-31T15:39:00,MONITORING  (NATIONAL AGENCY POLICY),RIVER / RUNNING SURFACE WATER,0119,Ammonia un-ionised as N,0.00056,MILLIGRAM PER LITRE
https://environment.data.gov.uk/water-quality/sampling-point/TH-RSN1074/sample/1388127/observation/0162,TH-RSN1074,RSN1074 THAMES U/S BRAY MARINA,-0.6812,51.4999,Thames,THAMES - WEST THAMES,Multiple Values,OPEN,FRESHWATER - RIVERS,2023-01-31T15:39:00,MONITORING  (NATIONAL AGENCY POLICY),RIVER / RUNNING SURFACE WATER,0162,Alkalinity to pH 4.5 as CaCO3,230,MILLIGRAM PER LITRE
https://environment.data.gov.uk/water-quality/sampling-point/TH-RSN1074/sample/1388127/observation/0172,TH-RSN1074,RSN1074 THAMES U/S BRAY MARINA,-0.6812,51.4999,Thames,THAMES - WEST THAMES,Multiple Values,OPEN,FRESHWATER - RIVERS,2023-01-31T15:39:00,MONITORING  (NATIONAL AGENCY POLICY),RIVER / RUNNING SURFACE WATER,0172,Chloride,31,MILLIGRAM PER LITRE
https://environment.data.gov.uk/water-quality/sampling-point/TH-RSN1074/sample/1388127/observation/0180,TH-RSN1074,RSN1074 THAMES U/S BRAY MARINA,-0.6812,51.4999,Thames,THAMES - WEST THAMES,Multiple Values,OPEN,FRESHWATER - RIVERS,2023-01-31T15:39:00,MONITORING  (NATIONAL AGENCY POLICY),RIVER / RUNNING SURFACE WATER,0180,"Orthophosphate, reactive as P",0.089,MILLIGRAM PER LITRE
https://environment.data.gov.uk/water-quality/sampling-point/TH-RSN1074/sample/1388127/observation/0182,TH-RSN1074,RSN1074 THAMES U/S BRAY MARINA,-0.6812,51.4999,Thames,THAMES - WEST THAMES,Multiple Values,OPEN,FRESHWATER - RIVERS,2023-01-31T15:39:00,MONITORING  (NATIONAL AGENCY POLICY),RIVER / RUNNING SURFACE WATER,0182,"Silica, reactive as SiO2",12,MILLIGRAM PER LITRE
https://environment.data.gov.uk/water-quality/sampling-point/TH-RSN1074/sample/1388127/observation/0301,TH-RSN1074,RSN1074 THAMES U/S BRAY MARINA,-0.6812,51.4999,Thames,THAMES - WEST THAMES,Multiple Values,OPEN,FRESHWATER - RIVERS,2023-01-31T15:39:00,MONITORING  (NATIONAL AGENCY POLICY),RIVER / RUNNING SURFACE WATER,0301,"Carbon, Organic, Dissolved as C :- {DOC}",3.2,MILLIGRAM PER LITRE
https://environment.data.gov.uk/water-quality/sampling-point/TH-RSN1074/sample/1388127/observation/0348,TH-RSN1074,RSN1074 THAMES U/S BRAY MARINA,-0.6812,51.4999,Thames,THAMES - WEST THAMES,Multiple Values,OPEN,FRESHWATER - RIVERS,2023-01-31T15:39:00,MONITORING  (NATIONAL AGENCY POLICY),RIVER / RUNNING SURFACE WATER,0348,"Phosphorus, Total as P",0.11,MILLIGRAM PER LITRE
https://environment.data.gov.uk/water-quality/sampling-point/TH-RSN1074/sample/1388127/observation/9686,TH-RSN1074,RSN1074 THAMES U/S BRAY MARINA,-0.6812,51.4999,Thames,THAMES - WEST THAMES,Multiple Values,OPEN,FRESHWATER - RIVERS,2023-01-31T15:39:00,MONITORING  (NATIONAL AGENCY POLICY),RIVER / RUNNING SURFACE WATER,9686,"Nitrogen, Total as N",7.8,MILLIGRAM PER LITRE
https://environment.data.gov.uk/water-quality/sampling-point/TH-RSN1074/sample/1388127/observation/9901,TH-RSN1074,RSN1074 THAMES U/S BRAY MARINA,-0.6812,51.4999,Thames,THAMES - WEST THAMES,Multiple Values,OPEN,FRESHWATER - RIVERS,2023-01-31T15:39:00,MONITORING  (NATIONAL AGENCY POLICY),RIVER / RUNNING SURFACE WATER,9901,"Oxygen, Dissolved, % Saturation",104.6,PERCENTAGE
https://environment.data.gov.uk/water-quality/sampling-point/TH-RSN1074/sample/1388127/observation/9924,TH-RSN1074,RSN1074 THAMES U/S BRAY MARINA,-0.6812,51.4999,Thames,THAMES - WEST THAMES,Multiple Values,OPEN,FRESHWATER - RIVERS,2023-01-31T15:39:00,MONITORING  (NATIONAL AGENCY POLICY),RIVER / RUNNING SURFACE WATER,9924,"Oxygen, Dissolved as O2",12.8,MILLIGRAM PER LITRE
https://environment.data.gov.uk/water-quality/sampling-point/TH-RSN1074/sample/1389038/observation/0061,TH-RSN1074,RSN1074 THAMES U/S BRAY MARINA,-0.6812,51.4999,Thames,THAMES - WEST THAMES,Multiple Values,OPEN,FRESHWATER - RIVERS,2023-02-24T13:30:00,MONITORING  (NATIONAL AGENCY POLICY),RIVER / RUNNING SURFACE WATER,0061,pH,8.28,PH UNITS
https://environment.data.gov.uk/water-quality/sampling-point/TH-RSN1074/sample/1389038/observation/0076,TH-RSN1074,RSN1074 THAMES U/S BRAY MARINA,-0.6812,51.4999,Thames,THAMES - WEST THAMES,Multiple Values,OPEN,FRESHWATER - RIVERS,2023-02-24T13:30:00,MONITORING  (NATIONAL AGENCY POLICY),RIVER / RUNNING SURFACE WATER,0076,Temperature of Water,8.6,CELSIUS
https://environment.data.gov.uk/water-quality/sampling-point/TH-RSN1074/sample/1389038/observation/0077,TH-RSN1074,RSN1074 THAMES U/S BRAY MARINA,-0.6812,51.4999,Thames,THAMES - WEST THAMES,Multiple Values,OPEN,FRESHWATER - RIVERS,2023-02-24T13:30:00,MONITORING  (NATIONAL AGENCY POLICY),RIVER / RUNNING SURFACE WATER,0077,Conductivity at 25 C,677,MICROSIEMENS PER CENTIMETRE
https://environment.data.gov.uk/water-quality/sampling-point/TH-RSN1074/sample/1389038/observation/0111,TH-RSN1074,RSN1074 THAMES U/S BRAY MARINA,-0.6812,51.4999,Thames,THAMES - WEST THAMES,Multiple Values,OPEN,FRESHWATER - RIVERS,2023-02-24T13:30:00,MONITORING  (NATIONAL AGENCY POLICY),RIVER / RUNNING SURFACE WATER,0111,Ammoniacal Nitrogen as N,0.038,MILLIGRAM PER LITRE
https://environment.data.gov.uk/water-quality/sampling-point/TH-RSN1074/sample/1389038/observation/0116,TH-RSN1074,RSN1074 THAMES U/S BRAY MARINA,-0.6812,51.4999,Thames,THAMES - WEST THAMES,Multiple Values,OPEN,FRESHWATER - RIVERS,2023-02-24T13:30:00,MONITORING  (NATIONAL AGENCY POLICY),RIVER / RUNNING SURFACE WATER,0116,"Nitrogen, Total Oxidised as N",7.9,MILLIGRAM PER LITRE
https://environment.data.gov.uk/water-quality/sampling-point/TH-RSN1074/sample/1389038/observation/0117,TH-RSN1074,RSN1074 THAMES U/S BRAY MARINA,-0.6812,51.4999,Thames,THAMES - WEST THAMES,Multiple Values,OPEN,FRESHWATER - RIVERS,2023-02-24T13:30:00,MONITORING  (NATIONAL AGENCY POLICY),RIVER / RUNNING SURFACE WATER,0117,Nitrate as N,7.88,MILLIGRAM PER LITRE
https://environment.data.gov.uk/water-quality/sampling-point/TH-RSN1074/sample/1389038/observation/0118,TH-RSN1074,RSN1074 THAMES U/S BRAY MARINA,-0.6812,51.4999,Thames,THAMES - WEST THAMES,Multiple Values,OPEN,FRESHWATER - RIVERS,2023-02-24T13:30:00,MONITORING  (NATIONAL AGENCY POLICY),RIVER / RUNNING SURFACE WATER,0118,Nitrite as N,0.02,MILLIGRAM PER LITRE
https://environment.data.gov.uk/water-quality/sampling-point/TH-RSN1074/sample/1389038/observation/0119,TH-RSN1074,RSN1074 THAMES U/S BRAY MARINA,-0.6812,51.4999,Thames,THAMES - WEST THAMES,Multiple Values,OPEN,FRESHWATER - RIVERS,2023-02-24T13:30:00,MONITORING  (NATIONAL AGENCY POLICY),RIVER / RUNNING SURFACE WATER,0119,Ammonia un-ionised as N,0.00063,MILLIGRAM PER LITRE
https://environment.data.gov.uk/water-quality/sampling-point/TH-RSN1074/sample/1389038/observation/0162,TH-RSN1074,RSN1074 THAMES U/S BRAY MARINA,-0.6812,51.4999,Thames,THAMES - WEST THAMES,Multiple Values,OPEN,FRESHWATER - RIVERS,2023-02-24T13:30:00,MONITORING  (NATIONAL AGENCY POLICY),RIVER / RUNNING SURFACE WATER,0162,Alkalinity to pH 4.5 as CaCO3,230,MILLIGRAM PER LITRE
https://environment.data.gov.uk/water-quality/sampling-point/TH-RSN1074/sample/1389038/observation/0172,TH-RSN1074,RSN1074 THAMES U/S BRAY MARINA,-0.6812,51.4999,Thames,THAMES - WEST THAMES,Multiple Values,OPEN,FRESHWATER - RIVERS,2023-02-24T13:30:00,MONITORING  (NATIONAL AGENCY POLICY),RIVER / RUNNING SURFACE WATER,0172,Chloride,36,MILLIGRAM PER LITRE
https://environment.data.gov.uk/water-quality/sampling-point/TH-RSN1074/sample/1389038/observation/0180,TH-RSN1074,RSN1074 THAMES U/S BRAY MARINA,-0.6812,51.4999,Thames,THAMES - WEST THAMES,Multiple Values,OPEN,FRESHWATER - RIVERS,2023-02-24T13:30:00,MONITORING  (NATIONAL AGENCY POLICY),RIVER / RUNNING SURFACE WATER,0180,"Orthophosphate, reactive as P",0.1,MILLIGRAM PER LITRE
https://environment.data.gov.uk/water-quality/sampling-point/TH-RSN1074/sample/1389038/observation/0182,TH-RSN1074,RSN1074 THAMES U/S BRAY MARINA,-0.6812,51.4999,Thames,THAMES - WEST THAMES,Multiple Values,OPEN,FRESHWATER - RIVERS,2023-02-24T13:30:00,MONITORING  (NATIONAL AGENCY POLICY),RIVER / RUNNING SURFACE WATER,0182,"Silica, reactive as SiO2",11,MILLIGRAM PER LITRE
https://environment.data.gov.uk/water-quality/sampling-point/TH-RSN1074/sample/1389038/observation/0301,TH-RSN1074,RSN1074 THAMES U/S BRAY MARINA,-0.6812,51.4999,Thames,THAMES - WEST THAMES,Multiple Values,OPEN,FRESHWATER - RIVERS,2023-02-24T13:30:00,MONITORING  (NATIONAL AGENCY POLICY),RIVER / RUNNING SURFACE WATER,0301,"Carbon, Organic, Dissolved as C :- {DOC}",2.6,MILLIGRAM PER LITRE
https://environment.data.gov.uk/water-quality/sampling-point/TH-RSN1074/sample/1389038/observation/0348,TH-RSN1074,RSN1074 THAMES U/S BRAY MARINA,-0.6812,51.4999,Thames,THAMES - WEST THAMES,Multiple Values,OPEN,FRESHWATER - RIVERS,2023-02-24T13:30:00,MONITORING  (NATIONAL AGENCY POLICY),RIVER / RUNNING SURFACE WATER,0348,"Phosphorus, Total as P",0.11,MILLIGRAM PER LITRE
https://environment.data.gov.uk/water-quality/sampling-point/TH-RSN1074/sample/1389038/observation/9686,TH-RSN1074,RSN1074 THAMES U/S BRAY MARINA,-0.6812,51.4999,Thames,THAMES - WEST THAMES,Multiple Values,OPEN,FRESHWATER - RIVERS,2023-02-24T13:30:00,MONITORING  (NATIONAL AGENCY POLICY),RIVER / RUNNING SURFACE WATER,9686,"Nitrogen, Total as N",7.9,MILLIGRAM PER LITRE
https://environment.data.gov.uk/water-quality/sampling-point/TH-RSN1074/sample/1389038/observation/9901,TH-RSN1074,RSN1074 THAMES U/S BRAY MARINA,-0.6812,51.4999,Thames,THAMES - WEST THAMES,Multiple Values,OPEN,FRESHWATER - RIVERS,2023-02-24T13:30:00,MONITORING  (NATIONAL AGENCY POLICY),RIVER / RUNNING SURFACE WATER,9901,"Oxygen, Dissolved, % Saturation",106.2,PERCENTAGE
https://environment.data.gov.uk/water-quality/sampling-point/TH-RSN1074/sample/1389038/observation/9924,TH-RSN1074,RSN1074 THAMES U/S BRAY MARINA,-0.6812,51.4999,Thames,THAMES - WEST THAMES,Multiple Values,OPEN,FRESHWATER - RIVERS,2023-02-24T13:30:00,MONITORING  (NATIONAL AGENCY POLICY),RIVER / RUNNING SURFACE WATER,9924,"Oxygen, Dissolved as O2",12.4,MILLIGRAM PER LITRE
https://environment.data.gov.uk/water-quality/sampling-point/TH-RSN1074/sample/1389564/observation/0061,TH-RSN1074,RSN1074 THAMES U/S BRAY MARINA,-0.6812,51.4999,Thames,THAMES - WEST THAMES,Multiple Values,OPEN,FRESHWATER - RIVERS,2023-03-16T12:38:00,MONITORING  (NATIONAL AGENCY POLICY),RIVER / RUNNING SURFACE WATER,0061,pH,8.1,PH UNITS
https://environment.data.gov.uk/water-quality/sampling-point/TH-RSN1074/sample/1389564/observation/0076,TH-RSN1074,RSN1074 THAMES U/S BRAY MARINA,-0.6812,51.4999,Thames,THAMES - WEST THAMES,Multiple Values,OPEN,FRESHWATER - RIVERS,2023-03-16T12:38:00,MONITORING  (NATIONAL AGENCY POLICY),RIVER / RUNNING SURFACE WATER,0076,Temperature of Water,8.8,CELSIUS
https://environment.data.gov.uk/water-quality/sampling-point/TH-RSN1074/sample/1389564/observation/0077,TH-RSN1074,RSN1074 THAMES U/S BRAY MARINA,-0.6812,51.4999,Thames,THAMES - WEST THAMES,Multiple Values,OPEN,FRESHWATER - RIVERS,2023-03-16T12:38:00,MONITORING  (NATIONAL AGENCY POLICY),RIVER / RUNNING SURFACE WATER,0077,Conductivity at 25 C,645,MICROSIEMENS PER CENTIMETRE
https://environment.data.gov.uk/water-quality/sampling-point/TH-RSN1074/sample/1389564/observation/0111,TH-RSN1074,RSN1074 THAMES U/S BRAY MARINA,-0.6812,51.4999,Thames,THAMES - WEST THAMES,Multiple Values,OPEN,FRESHWATER - RIVERS,2023-03-16T12:38:00,MONITORING  (NATIONAL AGENCY POLICY),RIVER / RUNNING SURFACE WATER,0111,Ammoniacal Nitrogen as N,0.039,MILLIGRAM PER LITRE
https://environment.data.gov.uk/water-quality/sampling-point/TH-RSN1074/sample/1389564/observation/0116,TH-RSN1074,RSN1074 THAMES U/S BRAY MARINA,-0.6812,51.4999,Thames,THAMES - WEST THAMES,Multiple Values,OPEN,FRESHWATER - RIVERS,2023-03-16T12:38:00,MONITORING  (NATIONAL AGENCY POLICY),RIVER / RUNNING SURFACE WATER,0116,"Nitrogen, Total Oxidised as N",7,MILLIGRAM PER LITRE
https://environment.data.gov.uk/water-quality/sampling-point/TH-RSN1074/sample/1389564/observation/0117,TH-RSN1074,RSN1074 THAMES U/S BRAY MARINA,-0.6812,51.4999,Thames,THAMES - WEST THAMES,Multiple Values,OPEN,FRESHWATER - RIVERS,2023-03-16T12:38:00,MONITORING  (NATIONAL AGENCY POLICY),RIVER / RUNNING SURFACE WATER,0117,Nitrate as N,6.97,MILLIGRAM PER LITRE
https://environment.data.gov.uk/water-quality/sampling-point/TH-RSN1074/sample/1389564/observation/0118,TH-RSN1074,RSN1074 THAMES U/S BRAY MARINA,-0.6812,51.4999,Thames,THAMES - WEST THAMES,Multiple Values,OPEN,FRESHWATER - RIVERS,2023-03-16T12:38:00,MONITORING  (NATIONAL AGENCY POLICY),RIVER / RUNNING SURFACE WATER,0118,Nitrite as N,0.027,MILLIGRAM PER LITRE
https://environment.data.gov.uk/water-quality/sampling-point/TH-RSN1074/sample/1389564/observation/0119,TH-RSN1074,RSN1074 THAMES U/S BRAY MARINA,-0.6812,51.4999,Thames,THAMES - WEST THAMES,Multiple Values,OPEN,FRESHWATER - RIVERS,2023-03-16T12:38:00,MONITORING  (NATIONAL AGENCY POLICY),RIVER / RUNNING SURFACE WATER,0119,Ammonia un-ionised as N,0.00065,MILLIGRAM PER LITRE
https://environment.data.gov.uk/water-quality/sampling-point/TH-RSN1074/sample/1389564/observation/0162,TH-RSN1074,RSN1074 THAMES U/S BRAY MARINA,-0.6812,51.4999,Thames,THAMES - WEST THAMES,Multiple Values,OPEN,FRESHWATER - RIVERS,2023-03-16T12:38:00,MONITORING  (NATIONAL AGENCY POLICY),RIVER / RUNNING SURFACE WATER,0162,Alkalinity to pH 4.5 as CaCO3,210,MILLIGRAM PER LITRE
https://environment.data.gov.uk/water-quality/sampling-point/TH-RSN1074/sample/1389564/observation/0172,TH-RSN1074,RSN1074 THAMES U/S BRAY MARINA,-0.6812,51.4999,Thames,THAMES - WEST THAMES,Multiple Values,OPEN,FRESHWATER - RIVERS,2023-03-16T12:38:00,MONITORING  (NATIONAL AGENCY POLICY),RIVER / RUNNING SURFACE WATER,0172,Chloride,41,MILLIGRAM PER LITRE
https://environment.data.gov.uk/water-quality/sampling-point/TH-RSN1074/sample/1389564/observation/0180,TH-RSN1074,RSN1074 THAMES U/S BRAY MARINA,-0.6812,51.4999,Thames,THAMES - WEST THAMES,Multiple Values,OPEN,FRESHWATER - RIVERS,2023-03-16T12:38:00,MONITORING  (NATIONAL AGENCY POLICY),RIVER / RUNNING SURFACE WATER,0180,"Orthophosphate, reactive as P",0.11,MILLIGRAM PER LITRE
https://environment.data.gov.uk/water-quality/sampling-point/TH-RSN1074/sample/1389564/observation/0182,TH-RSN1074,RSN1074 THAMES U/S BRAY MARINA,-0.6812,51.4999,Thames,THAMES - WEST THAMES,Multiple Values,OPEN,FRESHWATER - RIVERS,2023-03-16T12:38:00,MONITORING  (NATIONAL AGENCY POLICY),RIVER / RUNNING SURFACE WATER,0182,"Silica, reactive as SiO2",10,MILLIGRAM PER LITRE
https://environment.data.gov.uk/water-quality/sampling-point/TH-RSN1074/sample/1389564/observation/0301,TH-RSN1074,RSN1074 THAMES U/S BRAY MARINA,-0.6812,51.4999,Thames,THAMES - WEST THAMES,Multiple Values,OPEN,FRESHWATER - RIVERS,2023-03-16T12:38:00,MONITORING  (NATIONAL AGENCY POLICY),RIVER / RUNNING SURFACE WATER,0301,"Carbon, Organic, Dissolved as C :- {DOC}",5.5,MILLIGRAM PER LITRE
https://environment.data.gov.uk/water-quality/sampling-point/TH-RSN1074/sample/1389564/observation/0348,TH-RSN1074,RSN1074 THAMES U/S BRAY MARINA,-0.6812,51.4999,Thames,THAMES - WEST THAMES,Multiple Values,OPEN,FRESHWATER - RIVERS,2023-03-16T12:38:00,MONITORING  (NATIONAL AGENCY POLICY),RIVER / RUNNING SURFACE WATER,0348,"Phosphorus, Total as P",0.15,MILLIGRAM PER LITRE
https://environment.data.gov.uk/water-quality/sampling-point/TH-RSN1074/sample/1389564/observation/9686,TH-RSN1074,RSN1074 THAMES U/S BRAY MARINA,-0.6812,51.4999,Thames,THAMES - WEST THAMES,Multiple Values,OPEN,FRESHWATER - RIVERS,2023-03-16T12:38:00,MONITORING  (NATIONAL AGENCY POLICY),RIVER / RUNNING SURFACE WATER,9686,"Nitrogen, Total as N",7.2,MILLIGRAM PER LITRE
https://environment.data.gov.uk/water-quality/sampling-point/TH-RSN1074/sample/1389564/observation/9901,TH-RSN1074,RSN1074 THAMES U/S BRAY MARINA,-0.6812,51.4999,Thames,THAMES - WEST THAMES,Multiple Values,OPEN,FRESHWATER - RIVERS,2023-03-16T12:38:00,MONITORING  (NATIONAL AGENCY POLICY),RIVER / RUNNING SURFACE WATER,9901,"Oxygen, Dissolved, % Saturation",109,PERCENTAGE
https://environment.data.gov.uk/water-quality/sampling-point/TH-RSN1074/sample/1389564/observation/9924,TH-RSN1074,RSN1074 THAMES U/S BRAY MARINA,-0.6812,51.4999,Thames,THAMES - WEST THAMES,Multiple Values,OPEN,FRESHWATER - RIVERS,2023-03-16T12:38:00,MONITORING  (NATIONAL AGENCY POLICY),RIVER / RUNNING SURFACE WATER,9924,"Oxygen, Dissolved as O2",12.6,MILLIGRAM PER LITRE
https://environment.data.gov.uk/water-quality/sampling-point/TH-RSN1074/sample/1391203/observation/0061,TH-RSN1074,RSN1074 THAMES U/S BRAY MARINA,-0.6812,51.4999,Thames,THAMES - WEST THAMES,Multiple Values,OPEN,FRESHWATER - RIVERS,2023-05-11T13:15:00,MONITORING  (NATIONAL AGENCY POLICY),RIVER / RUNNING SURFACE WATER,0061,pH,8.09,PH UNITS
https://environment.data.gov.uk/water-quality/sampling-point/TH-RSN1074/sample/1391203/observation/0076,TH-RSN1074,RSN1074 THAMES U/S BRAY MARINA,-0.6812,51.4999,Thames,THAMES - WEST THAMES,Multiple Values,OPEN,FRESHWATER - RIVERS,2023-05-11T13:15:00,MONITORING  (NATIONAL AGENCY POLICY),RIVER / RUNNING SURFACE WATER,0076,Temperature of Water,14.7,CELSIUS
https://environment.data.gov.uk/water-quality/sampling-point/TH-RSN1074/sample/1391203/observation/0077,TH-RSN1074,RSN1074 THAMES U/S BRAY MARINA,-0.6812,51.4999,Thames,THAMES - WEST THAMES,Multiple Values,OPEN,FRESHWATER - RIVERS,2023-05-11T13:15:00,MONITORING  (NATIONAL AGENCY POLICY),RIVER / RUNNING SURFACE WATER,0077,Conductivity at 25 C,577,MICROSIEMENS PER CENTIMETRE
https://environment.data.gov.uk/water-quality/sampling-point/TH-RSN1074/sample/1391203/observation/0111,TH-RSN1074,RSN1074 THAMES U/S BRAY MARINA,-0.6812,51.4999,Thames,THAMES - WEST THAMES,Multiple Values,OPEN,FRESHWATER - RIVERS,2023-05-11T13:15:00,MONITORING  (NATIONAL AGENCY POLICY),RIVER / RUNNING SURFACE WATER,0111,Ammoniacal Nitrogen as N,0.043,MILLIGRAM PER LITRE
https://environment.data.gov.uk/water-quality/sampling-point/TH-RSN1074/sample/1391203/observation/0116,TH-RSN1074,RSN1074 THAMES U/S BRAY MARINA,-0.6812,51.4999,Thames,THAMES - WEST THAMES,Multiple Values,OPEN,FRESHWATER - RIVERS,2023-05-11T13:15:00,MONITORING  (NATIONAL AGENCY POLICY),RIVER / RUNNING SURFACE WATER,0116,"Nitrogen, Total Oxidised as N",5.3,MILLIGRAM PER LITRE
https://environment.data.gov.uk/water-quality/sampling-point/TH-RSN1074/sample/1391203/observation/0117,TH-RSN1074,RSN1074 THAMES U/S BRAY MARINA,-0.6812,51.4999,Thames,THAMES - WEST THAMES,Multiple Values,OPEN,FRESHWATER - RIVERS,2023-05-11T13:15:00,MONITORING  (NATIONAL AGENCY POLICY),RIVER / RUNNING SURFACE WATER,0117,Nitrate as N,5.27,MILLIGRAM PER LITRE
https://environment.data.gov.uk/water-quality/sampling-point/TH-RSN1074/sample/1391203/observation/0118,TH-RSN1074,RSN1074 THAMES U/S BRAY MARINA,-0.6812,51.4999,Thames,THAMES - WEST THAMES,Multiple Values,OPEN,FRESHWATER - RIVERS,2023-05-11T13:15:00,MONITORING  (NATIONAL AGENCY POLICY),RIVER / RUNNING SURFACE WATER,0118,Nitrite as N,0.029,MILLIGRAM PER LITRE
https://environment.data.gov.uk/water-quality/sampling-point/TH-RSN1074/sample/1391203/observation/0119,TH-RSN1074,RSN1074 THAMES U/S BRAY MARINA,-0.6812,51.4999,Thames,THAMES - WEST THAMES,Multiple Values,OPEN,FRESHWATER - RIVERS,2023-05-11T13:15:00,MONITORING  (NATIONAL AGENCY POLICY),RIVER / RUNNING SURFACE WATER,0119,Ammonia un-ionised as N,0.00111,MILLIGRAM PER LITRE
https://environment.data.gov.uk/water-quality/sampling-point/TH-RSN1074/sample/1391203/observation/0162,TH-RSN1074,RSN1074 THAMES U/S BRAY MARINA,-0.6812,51.4999,Thames,THAMES - WEST THAMES,Multiple Values,OPEN,FRESHWATER - RIVERS,2023-05-11T13:15:00,MONITORING  (NATIONAL AGENCY POLICY),RIVER / RUNNING SURFACE WATER,0162,Alkalinity to pH 4.5 as CaCO3,200,MILLIGRAM PER LITRE
https://environment.data.gov.uk/water-quality/sampling-point/TH-RSN1074/sample/1391203/observation/0172,TH-RSN1074,RSN1074 THAMES U/S BRAY MARINA,-0.6812,51.4999,Thames,THAMES - WEST THAMES,Multiple Values,OPEN,FRESHWATER - RIVERS,2023-05-11T13:15:00,MONITORING  (NATIONAL AGENCY POLICY),RIVER / RUNNING SURFACE WATER,0172,Chloride,29,MILLIGRAM PER LITRE
https://environment.data.gov.uk/water-quality/sampling-point/TH-RSN1074/sample/1391203/observation/0180,TH-RSN1074,RSN1074 THAMES U/S BRAY MARINA,-0.6812,51.4999,Thames,THAMES - WEST THAMES,Multiple Values,OPEN,FRESHWATER - RIVERS,2023-05-11T13:15:00,MONITORING  (NATIONAL AGENCY POLICY),RIVER / RUNNING SURFACE WATER,0180,"Orthophosphate, reactive as P",0.12,MILLIGRAM PER LITRE
https://environment.data.gov.uk/water-quality/sampling-point/TH-RSN1074/sample/1391203/observation/0182,TH-RSN1074,RSN1074 THAMES U/S BRAY MARINA,-0.6812,51.4999,Thames,THAMES - WEST THAMES,Multiple Values,OPEN,FRESHWATER - RIVERS,2023-05-11T13:15:00,MONITORING  (NATIONAL AGENCY POLICY),RIVER / RUNNING SURFACE WATER,0182,"Silica, reactive as SiO2",8.8,MILLIGRAM PER LITRE
https://environment.data.gov.uk/water-quality/sampling-point/TH-RSN1074/sample/1391203/observation/0301,TH-RSN1074,RSN1074 THAMES U/S BRAY MARINA,-0.6812,51.4999,Thames,THAMES - WEST THAMES,Multiple Values,OPEN,FRESHWATER - RIVERS,2023-05-11T13:15:00,MONITORING  (NATIONAL AGENCY POLICY),RIVER / RUNNING SURFACE WATER,0301,"Carbon, Organic, Dissolved as C :- {DOC}",5,MILLIGRAM PER LITRE
https://environment.data.gov.uk/water-quality/sampling-point/TH-RSN1074/sample/1391203/observation/0348,TH-RSN1074,RSN1074 THAMES U/S BRAY MARINA,-0.6812,51.4999,Thames,THAMES - WEST THAMES,Multiple Values,OPEN,FRESHWATER - RIVERS,2023-05-11T13:15:00,MONITORING  (NATIONAL AGENCY POLICY),RIVER / RUNNING SURFACE WATER,0348,"Phosphorus, Total as P",0.2,MILLIGRAM PER LITRE
https://environment.data.gov.uk/water-quality/sampling-point/TH-RSN1074/sample/1391203/observation/9686,TH-RSN1074,RSN1074 THAMES U/S BRAY MARINA,-0.6812,51.4999,Thames,THAMES - WEST THAMES,Multiple Values,OPEN,FRESHWATER - RIVERS,2023-05-11T13:15:00,MONITORING  (NATIONAL AGENCY POLICY),RIVER / RUNNING SURFACE WATER,9686,"Nitrogen, Total as N",6,MILLIGRAM PER LITRE
https://environment.data.gov.uk/water-quality/sampling-point/TH-RSN1074/sample/1391203/observation/9901,TH-RSN1074,RSN1074 THAMES U/S BRAY MARINA,-0.6812,51.4999,Thames,THAMES - WEST THAMES,Multiple Values,OPEN,FRESHWATER - RIVERS,2023-05-11T13:15:00,MONITORING  (NATIONAL AGENCY POLICY),RIVER / RUNNING SURFACE WATER,9901,"Oxygen, Dissolved, % Saturation",102.2,PERCENTAGE
https://environment.data.gov.uk/water-quality/sampling-point/TH-RSN1074/sample/1391203/observation/9924,TH-RSN1074,RSN1074 THAMES U/S BRAY MARINA,-0.6812,51.4999,Thames,THAMES - WEST THAMES,Multiple Values,OPEN,FRESHWATER - RIVERS,2023-05-11T13:15:00,MONITORING  (NATIONAL AGENCY POLICY),RIVER / RUNNING SURFACE WATER,9924,"Oxygen, Dissolved as O2",10.3,MILLIGRAM PER LITRE
https://environment.data.gov.uk/water-quality/sampling-point/TH-RSN1074/sample/1392134/observation/0061,TH-RSN1074,RSN1074 THAMES U/S BRAY MARINA,-0.6812,51.4999,Thames,THAMES - WEST THAMES,Multiple Values,OPEN,FRESHWATER - RIVERS,2023-06-01T12:09:00,MONITORING  (NATIONAL AGENCY POLICY),RIVER / RUNNING SURFACE WATER,0061,pH,8.28,PH UNITS
https://environment.data.gov.uk/water-quality/sampling-point/TH-RSN1074/sample/1392134/observation/0076,TH-RSN1074,RSN1074 THAMES U/S BRAY MARINA,-0.6812,51.4999,Thames,THAMES - WEST THAMES,Multiple Values,OPEN,FRESHWATER - RIVERS,2023-06-01T12:09:00,MONITORING  (NATIONAL AGENCY POLICY),RIVER / RUNNING SURFACE WATER,0076,Temperature of Water,16.1,CELSIUS
https://environment.data.gov.uk/water-quality/sampling-point/TH-RSN1074/sample/1392134/observation/0077,TH-RSN1074,RSN1074 THAMES U/S BRAY MARINA,-0.6812,51.4999,Thames,THAMES - WEST THAMES,Multiple Values,OPEN,FRESHWATER - RIVERS,2023-06-01T12:09:00,MONITORING  (NATIONAL AGENCY POLICY),RIVER / RUNNING SURFACE WATER,0077,Conductivity at 25 C,665,MICROSIEMENS PER CENTIMETRE
https://environment.data.gov.uk/water-quality/sampling-point/TH-RSN1074/sample/1392134/observation/0111,TH-RSN1074,RSN1074 THAMES U/S BRAY MARINA,-0.6812,51.4999,Thames,THAMES - WEST THAMES,Multiple Values,OPEN,FRESHWATER - RIVERS,2023-06-01T12:09:00,MONITORING  (NATIONAL AGENCY POLICY),RIVER / RUNNING SURFACE WATER,0111,Ammoniacal Nitrogen as N,<0.03,MILLIGRAM PER LITRE
https://environment.data.gov.uk/water-quality/sampling-point/TH-RSN1074/sample/1392134/observation/0116,TH-RSN1074,RSN1074 THAMES U/S BRAY MARINA,-0.6812,51.4999,Thames,THAMES - WEST THAMES,Multiple Values,OPEN,FRESHWATER - RIVERS,2023-06-01T12:09:00,MONITORING  (NATIONAL AGENCY POLICY),RIVER / RUNNING SURFACE WATER,0116,"Nitrogen, Total Oxidised as N",6.8,MILLIGRAM PER LITRE
https://environment.data.gov.uk/water-quality/sampling-point/TH-RSN1074/sample/1392134/observation/0117,TH-RSN1074,RSN1074 THAMES U/S BRAY MARINA,-0.6812,51.4999,Thames,THAMES - WEST THAMES,Multiple Values,OPEN,FRESHWATER - RIVERS,2023-06-01T12:09:00,MONITORING  (NATIONAL AGENCY POLICY),RIVER / RUNNING SURFACE WATER,0117,Nitrate as N,6.78,MILLIGRAM PER LITRE
https://environment.data.gov.uk/water-quality/sampling-point/TH-RSN1074/sample/1392134/observation/0118,TH-RSN1074,RSN1074 THAMES U/S BRAY MARINA,-0.6812,51.4999,Thames,THAMES - WEST THAMES,Multiple Values,OPEN,FRESHWATER - RIVERS,2023-06-01T12:09:00,MONITORING  (NATIONAL AGENCY POLICY),RIVER / RUNNING SURFACE WATER,0118,Nitrite as N,0.016,MILLIGRAM PER LITRE
https://environment.data.gov.uk/water-quality/sampling-point/TH-RSN1074/sample/1392134/observation/0119,TH-RSN1074,RSN1074 THAMES U/S BRAY MARINA,-0.6812,51.4999,Thames,THAMES - WEST THAMES,Multiple Values,OPEN,FRESHWATER - RIVERS,2023-06-01T12:09:00,MONITORING  (NATIONAL AGENCY POLICY),RIVER / RUNNING SURFACE WATER,0119,Ammonia un-ionised as N,<0.00085,MILLIGRAM PER LITRE
https://environment.data.gov.uk/water-quality/sampling-point/TH-RSN1074/sample/1392134/observation/0162,TH-RSN1074,RSN1074 THAMES U/S BRAY MARINA,-0.6812,51.4999,Thames,THAMES - WEST THAMES,Multiple Values,OPEN,FRESHWATER - RIVERS,2023-06-01T12:09:00,MONITORING  (NATIONAL AGENCY POLICY),RIVER / RUNNING SURFACE WATER,0162,Alkalinity to pH 4.5 as CaCO3,240,MILLIGRAM PER LITRE
https://environment.data.gov.uk/water-quality/sampling-point/TH-RSN1074/sample/1392134/observation/0172,TH-RSN1074,RSN1074 THAMES U/S BRAY MARINA,-0.6812,51.4999,Thames,THAMES - WEST THAMES,Multiple Values,OPEN,FRESHWATER - RIVERS,2023-06-01T12:09:00,MONITORING  (NATIONAL AGENCY POLICY),RIVER / RUNNING SURFACE WATER,0172,Chloride,35,MILLIGRAM PER LITRE
https://environment.data.gov.uk/water-quality/sampling-point/TH-RSN1074/sample/1392134/observation/0180,TH-RSN1074,RSN1074 THAMES U/S BRAY MARINA,-0.6812,51.4999,Thames,THAMES - WEST THAMES,Multiple Values,OPEN,FRESHWATER - RIVERS,2023-06-01T12:09:00,MONITORING  (NATIONAL AGENCY POLICY),RIVER / RUNNING SURFACE WATER,0180,"Orthophosphate, reactive as P",0.076,MILLIGRAM PER LITRE
https://environment.data.gov.uk/water-quality/sampling-point/TH-RSN1074/sample/1392134/observation/0182,TH-RSN1074,RSN1074 THAMES U/S BRAY MARINA,-0.6812,51.4999,Thames,THAMES - WEST THAMES,Multiple Values,OPEN,FRESHWATER - RIVERS,2023-06-01T12:09:00,MONITORING  (NATIONAL AGENCY POLICY),RIVER / RUNNING SURFACE WATER,0182,"Silica, reactive as SiO2",6.6,MILLIGRAM PER LITRE
https://environment.data.gov.uk/water-quality/sampling-point/TH-RSN1074/sample/1392134/observation/0301,TH-RSN1074,RSN1074 THAMES U/S BRAY MARINA,-0.6812,51.4999,Thames,THAMES - WEST THAMES,Multiple Values,OPEN,FRESHWATER - RIVERS,2023-06-01T12:09:00,MONITORING  (NATIONAL AGENCY POLICY),RIVER / RUNNING SURFACE WATER,0301,"Carbon, Organic, Dissolved as C :- {DOC}",2.9,MILLIGRAM PER LITRE
https://environment.data.gov.uk/water-quality/sampling-point/TH-RSN1074/sample/1392134/observation/0348,TH-RSN1074,RSN1074 THAMES U/S BRAY MARINA,-0.6812,51.4999,Thames,THAMES - WEST THAMES,Multiple Values,OPEN,FRESHWATER - RIVERS,2023-06-01T12:09:00,MONITORING  (NATIONAL AGENCY POLICY),RIVER / RUNNING SURFACE WATER,0348,"Phosphorus, Total as P",0.1,MILLIGRAM PER LITRE
https://environment.data.gov.uk/water-quality/sampling-point/TH-RSN1074/sample/1392134/observation/9686,TH-RSN1074,RSN1074 THAMES U/S BRAY MARINA,-0.6812,51.4999,Thames,THAMES - WEST THAMES,Multiple Values,OPEN,FRESHWATER - RIVERS,2023-06-01T12:09:00,MONITORING  (NATIONAL AGENCY POLICY),RIVER / RUNNING SURFACE WATER,9686,"Nitrogen, Total as N",7.1,MILLIGRAM PER LITRE
https://environment.data.gov.uk/water-quality/sampling-point/TH-RSN1074/sample/1392134/observation/9901,TH-RSN1074,RSN1074 THAMES U/S BRAY MARINA,-0.6812,51.4999,Thames,THAMES - WEST THAMES,Multiple Values,OPEN,FRESHWATER - RIVERS,2023-06-01T12:09:00,MONITORING  (NATIONAL AGENCY POLICY),RIVER / RUNNING SURFACE WATER,9901,"Oxygen, Dissolved, % Saturation",108.2,PERCENTAGE
https://environment.data.gov.uk/water-quality/sampling-point/TH-RSN1074/sample/1392134/observation/9924,TH-RSN1074,RSN1074 THAMES U/S BRAY MARINA,-0.6812,51.4999,Thames,THAMES - WEST THAMES,Multiple Values,OPEN,FRESHWATER - RIVERS,2023-06-01T12:09:00,MONITORING  (NATIONAL AGENCY POLICY),RIVER / RUNNING SURFACE WATER,9924,"Oxygen, Dissolved as O2",10.6,MILLIGRAM PER LITRE
https://environment.data.gov.uk/water-quality/sampling-point/TH-RSN1074/sample/1393964/observation/0061,TH-RSN1074,RSN1074 THAMES U/S BRAY MARINA,-0.6812,51.4999,Thames,THAMES - WEST THAMES,Multiple Values,OPEN,FRESHWATER - RIVERS,2023-07-11T10:52:00,MONITORING  (NATIONAL AGENCY POLICY),RIVER / RUNNING SURFACE WATER,0061,pH,8.07,PH UNITS
https://environment.data.gov.uk/water-quality/sampling-point/TH-RSN1074/sample/1393964/observation/0076,TH-RSN1074,RSN1074 THAMES U/S BRAY MARINA,-0.6812,51.4999,Thames,THAMES - WEST THAMES,Multiple Values,OPEN,FRESHWATER - RIVERS,2023-07-11T10:52:00,MONITORING  (NATIONAL AGENCY POLICY),RIVER / RUNNING SURFACE WATER,0076,Temperature of Water,19.5,CELSIUS
https://environment.data.gov.uk/water-quality/sampling-point/TH-RSN1074/sample/1393964/observation/0077,TH-RSN1074,RSN1074 THAMES U/S BRAY MARINA,-0.6812,51.4999,Thames,THAMES - WEST THAMES,Multiple Values,OPEN,FRESHWATER - RIVERS,2023-07-11T10:52:00,MONITORING  (NATIONAL AGENCY POLICY),RIVER / RUNNING SURFACE WATER,0077,Conductivity at 25 C,646,MICROSIEMENS PER CENTIMETRE
https://environment.data.gov.uk/water-quality/sampling-point/TH-RSN1074/sample/1393964/observation/0111,TH-RSN1074,RSN1074 THAMES U/S BRAY MARINA,-0.6812,51.4999,Thames,THAMES - WEST THAMES,Multiple Values,OPEN,FRESHWATER - RIVERS,2023-07-11T10:52:00,MONITORING  (NATIONAL AGENCY POLICY),RIVER / RUNNING SURFACE WATER,0111,Ammoniacal Nitrogen as N,0.039,MILLIGRAM PER LITRE
https://environment.data.gov.uk/water-quality/sampling-point/TH-RSN1074/sample/1393964/observation/0116,TH-RSN1074,RSN1074 THAMES U/S BRAY MARINA,-0.6812,51.4999,Thames,THAMES - WEST THAMES,Multiple Values,OPEN,FRESHWATER - RIVERS,2023-07-11T10:52:00,MONITORING  (NATIONAL AGENCY POLICY),RIVER / RUNNING SURFACE WATER,0116,"Nitrogen, Total Oxidised as N",6.1,MILLIGRAM PER LITRE
https://environment.data.gov.uk/water-quality/sampling-point/TH-RSN1074/sample/1393964/observation/0117,TH-RSN1074,RSN1074 THAMES U/S BRAY MARINA,-0.6812,51.4999,Thames,THAMES - WEST THAMES,Multiple Values,OPEN,FRESHWATER - RIVERS,2023-07-11T10:52:00,MONITORING  (NATIONAL AGENCY POLICY),RIVER / RUNNING SURFACE WATER,0117,Nitrate as N,6.06,MILLIGRAM PER LITRE
https://environment.data.gov.uk/water-quality/sampling-point/TH-RSN1074/sample/1393964/observation/0118,TH-RSN1074,RSN1074 THAMES U/S BRAY MARINA,-0.6812,51.4999,Thames,THAMES - WEST THAMES,Multiple Values,OPEN,FRESHWATER - RIVERS,2023-07-11T10:52:00,MONITORING  (NATIONAL AGENCY POLICY),RIVER / RUNNING SURFACE WATER,0118,Nitrite as N,0.037,MILLIGRAM PER LITRE
https://environment.data.gov.uk/water-quality/sampling-point/TH-RSN1074/sample/1393964/observation/0119,TH-RSN1074,RSN1074 THAMES U/S BRAY MARINA,-0.6812,51.4999,Thames,THAMES - WEST THAMES,Multiple Values,OPEN,FRESHWATER - RIVERS,2023-07-11T10:52:00,MONITORING  (NATIONAL AGENCY POLICY),RIVER / RUNNING SURFACE WATER,0119,Ammonia un-ionised as N,0.00142,MILLIGRAM PER LITRE
https://environment.data.gov.uk/water-quality/sampling-point/TH-RSN1074/sample/1393964/observation/0162,TH-RSN1074,RSN1074 THAMES U/S BRAY MARINA,-0.6812,51.4999,Thames,THAMES - WEST THAMES,Multiple Values,OPEN,FRESHWATER - RIVERS,2023-07-11T10:52:00,MONITORING  (NATIONAL AGENCY POLICY),RIVER / RUNNING SURFACE WATER,0162,Alkalinity to pH 4.5 as CaCO3,220,MILLIGRAM PER LITRE
https://environment.data.gov.uk/water-quality/sampling-point/TH-RSN1074/sample/1393964/observation/0172,TH-RSN1074,RSN1074 THAMES U/S BRAY MARINA,-0.6812,51.4999,Thames,THAMES - WEST THAMES,Multiple Values,OPEN,FRESHWATER - RIVERS,2023-07-11T10:52:00,MONITORING  (NATIONAL AGENCY POLICY),RIVER / RUNNING SURFACE WATER,0172,Chloride,38,MILLIGRAM PER LITRE
https://environment.data.gov.uk/water-quality/sampling-point/TH-RSN1074/sample/1393964/observation/0180,TH-RSN1074,RSN1074 THAMES U/S BRAY MARINA,-0.6812,51.4999,Thames,THAMES - WEST THAMES,Multiple Values,OPEN,FRESHWATER - RIVERS,2023-07-11T10:52:00,MONITORING  (NATIONAL AGENCY POLICY),RIVER / RUNNING SURFACE WATER,0180,"Orthophosphate, reactive as P",0.17,MILLIGRAM PER LITRE
https://environment.data.gov.uk/water-quality/sampling-point/TH-RSN1074/sample/1393964/observation/0182,TH-RSN1074,RSN1074 THAMES U/S BRAY MARINA,-0.6812,51.4999,Thames,THAMES - WEST THAMES,Multiple Values,OPEN,FRESHWATER - RIVERS,2023-07-11T10:52:00,MONITORING  (NATIONAL AGENCY POLICY),RIVER / RUNNING SURFACE WATER,0182,"Silica, reactive as SiO2",14,MILLIGRAM PER LITRE
https://environment.data.gov.uk/water-quality/sampling-point/TH-RSN1074/sample/1393964/observation/0301,TH-RSN1074,RSN1074 THAMES U/S BRAY MARINA,-0.6812,51.4999,Thames,THAMES - WEST THAMES,Multiple Values,OPEN,FRESHWATER - RIVERS,2023-07-11T10:52:00,MONITORING  (NATIONAL AGENCY POLICY),RIVER / RUNNING SURFACE WATER,0301,"Carbon, Organic, Dissolved as C :- {DOC}",3.3,MILLIGRAM PER LITRE
https://environment.data.gov.uk/water-quality/sampling-point/TH-RSN1074/sample/1393964/observation/0348,TH-RSN1074,RSN1074 THAMES U/S BRAY MARINA,-0.6812,51.4999,Thames,THAMES - WEST THAMES,Multiple Values,OPEN,FRESHWATER - RIVERS,2023-07-11T10:52:00,MONITORING  (NATIONAL AGENCY POLICY),RIVER / RUNNING SURFACE WATER,0348,"Phosphorus, Total as P",0.19,MILLIGRAM PER LITRE
https://environment.data.gov.uk/water-quality/sampling-point/TH-RSN1074/sample/1393964/observation/9686,TH-RSN1074,RSN1074 THAMES U/S BRAY MARINA,-0.6812,51.4999,Thames,THAMES - WEST THAMES,Multiple Values,OPEN,FRESHWATER - RIVERS,2023-07-11T10:52:00,MONITORING  (NATIONAL AGENCY POLICY),RIVER / RUNNING SURFACE WATER,9686,"Nitrogen, Total as N",6.5,MILLIGRAM PER LITRE
https://environment.data.gov.uk/water-quality/sampling-point/TH-RSN1074/sample/1393964/observation/9901,TH-RSN1074,RSN1074 THAMES U/S BRAY MARINA,-0.6812,51.4999,Thames,THAMES - WEST THAMES,Multiple Values,OPEN,FRESHWATER - RIVERS,2023-07-11T10:52:00,MONITORING  (NATIONAL AGENCY POLICY),RIVER / RUNNING SURFACE WATER,9901,"Oxygen, Dissolved, % Saturation",100.6,PERCENTAGE
https://environment.data.gov.uk/water-quality/sampling-point/TH-RSN1074/sample/1393964/observation/9924,TH-RSN1074,RSN1074 THAMES U/S BRAY MARINA,-0.6812,51.4999,Thames,THAMES - WEST THAMES,Multiple Values,OPEN,FRESHWATER - RIVERS,2023-07-11T10:52:00,MONITORING  (NATIONAL AGENCY POLICY),RIVER / RUNNING SURFACE WATER,9924,"Oxygen, Dissolved as O2",9.21,MILLIGRAM PER LITRE
https://environment.data.gov.uk/water-quality/sampling-point/TH-RSN1074/sample/1395295/observation/0061,TH-RSN1074,RSN1074 THAMES U/S BRAY MARINA,-0.6812,51.4999,Thames,THAMES - WEST THAMES,Multiple Values,OPEN,FRESHWATER - RIVERS,2023-08-14T09:20:00,MONITORING  (NATIONAL AGENCY POLICY),RIVER / RUNNING SURFACE WATER,0061,pH,8.07,PH UNITS
https://environment.data.gov.uk/water-quality/sampling-point/TH-RSN1074/sample/1395295/observation/0076,TH-RSN1074,RSN1074 THAMES U/S BRAY MARINA,-0.6812,51.4999,Thames,THAMES - WEST THAMES,Multiple Values,OPEN,FRESHWATER - RIVERS,2023-08-14T09:20:00,MONITORING  (NATIONAL AGENCY POLICY),RIVER / RUNNING SURFACE WATER,0076,Temperature of Water,18.2,CELSIUS
https://environment.data.gov.uk/water-quality/sampling-point/TH-RSN1074/sample/1395295/observation/0077,TH-RSN1074,RSN1074 THAMES U/S BRAY MARINA,-0.6812,51.4999,Thames,THAMES - WEST THAMES,Multiple Values,OPEN,FRESHWATER - RIVERS,2023-08-14T09:20:00,MONITORING  (NATIONAL AGENCY POLICY),RIVER / RUNNING SURFACE WATER,0077,Conductivity at 25 C,654,MICROSIEMENS PER CENTIMETRE
https://environment.data.gov.uk/water-quality/sampling-point/TH-RSN1074/sample/1395295/observation/0111,TH-RSN1074,RSN1074 THAMES U/S BRAY MARINA,-0.6812,51.4999,Thames,THAMES - WEST THAMES,Multiple Values,OPEN,FRESHWATER - RIVERS,2023-08-14T09:20:00,MONITORING  (NATIONAL AGENCY POLICY),RIVER / RUNNING SURFACE WATER,0111,Ammoniacal Nitrogen as N,<0.03,MILLIGRAM PER LITRE
https://environment.data.gov.uk/water-quality/sampling-point/TH-RSN1074/sample/1395295/observation/0116,TH-RSN1074,RSN1074 THAMES U/S BRAY MARINA,-0.6812,51.4999,Thames,THAMES - WEST THAMES,Multiple Values,OPEN,FRESHWATER - RIVERS,2023-08-14T09:20:00,MONITORING  (NATIONAL AGENCY POLICY),RIVER / RUNNING SURFACE WATER,0116,"Nitrogen, Total Oxidised as N",6.2,MILLIGRAM PER LITRE
https://environment.data.gov.uk/water-quality/sampling-point/TH-RSN1074/sample/1395295/observation/0117,TH-RSN1074,RSN1074 THAMES U/S BRAY MARINA,-0.6812,51.4999,Thames,THAMES - WEST THAMES,Multiple Values,OPEN,FRESHWATER - RIVERS,2023-08-14T09:20:00,MONITORING  (NATIONAL AGENCY POLICY),RIVER / RUNNING SURFACE WATER,0117,Nitrate as N,6.19,MILLIGRAM PER LITRE
https://environment.data.gov.uk/water-quality/sampling-point/TH-RSN1074/sample/1395295/observation/0118,TH-RSN1074,RSN1074 THAMES U/S BRAY MARINA,-0.6812,51.4999,Thames,THAMES - WEST THAMES,Multiple Values,OPEN,FRESHWATER - RIVERS,2023-08-14T09:20:00,MONITORING  (NATIONAL AGENCY POLICY),RIVER / RUNNING SURFACE WATER,0118,Nitrite as N,0.012,MILLIGRAM PER LITRE
https://environment.data.gov.uk/water-quality/sampling-point/TH-RSN1074/sample/1395295/observation/0119,TH-RSN1074,RSN1074 THAMES U/S BRAY MARINA,-0.6812,51.4999,Thames,THAMES - WEST THAMES,Multiple Values,OPEN,FRESHWATER - RIVERS,2023-08-14T09:20:00,MONITORING  (NATIONAL AGENCY POLICY),RIVER / RUNNING SURFACE WATER,0119,Ammonia un-ionised as N,<0.00099,MILLIGRAM PER LITRE
https://environment.data.gov.uk/water-quality/sampling-point/TH-RSN1074/sample/1395295/observation/0162,TH-RSN1074,RSN1074 THAMES U/S BRAY MARINA,-0.6812,51.4999,Thames,THAMES - WEST THAMES,Multiple Values,OPEN,FRESHWATER - RIVERS,2023-08-14T09:20:00,MONITORING  (NATIONAL AGENCY POLICY),RIVER / RUNNING SURFACE WATER,0162,Alkalinity to pH 4.5 as CaCO3,220,MILLIGRAM PER LITRE
https://environment.data.gov.uk/water-quality/sampling-point/TH-RSN1074/sample/1395295/observation/0172,TH-RSN1074,RSN1074 THAMES U/S BRAY MARINA,-0.6812,51.4999,Thames,THAMES - WEST THAMES,Multiple Values,OPEN,FRESHWATER - RIVERS,2023-08-14T09:20:00,MONITORING  (NATIONAL AGENCY POLICY),RIVER / RUNNING SURFACE WATER,0172,Chloride,39,MILLIGRAM PER LITRE
https://environment.data.gov.uk/water-quality/sampling-point/TH-RSN1074/sample/1395295/observation/0180,TH-RSN1074,RSN1074 THAMES U/S BRAY MARINA,-0.6812,51.4999,Thames,THAMES - WEST THAMES,Multiple Values,OPEN,FRESHWATER - RIVERS,2023-08-14T09:20:00,MONITORING  (NATIONAL AGENCY POLICY),RIVER / RUNNING SURFACE WATER,0180,"Orthophosphate, reactive as P",0.15,MILLIGRAM PER LITRE
https://environment.data.gov.uk/water-quality/sampling-point/TH-RSN1074/sample/1395295/observation/0182,TH-RSN1074,RSN1074 THAMES U/S BRAY MARINA,-0.6812,51.4999,Thames,THAMES - WEST THAMES,Multiple Values,OPEN,FRESHWATER - RIVERS,2023-08-14T09:20:00,MONITORING  (NATIONAL AGENCY POLICY),RIVER / RUNNING SURFACE WATER,0182,"Silica, reactive as SiO2",14,MILLIGRAM PER LITRE
https://environment.data.gov.uk/water-quality/sampling-point/TH-RSN1074/sample/1395295/observation/0301,TH-RSN1074,RSN1074 THAMES U/S BRAY MARINA,-0.6812,51.4999,Thames,THAMES - WEST THAMES,Multiple Values,OPEN,FRESHWATER - RIVERS,2023-08-14T09:20:00,MONITORING  (NATIONAL AGENCY POLICY),RIVER / RUNNING SURFACE WATER,0301,"Carbon, Organic, Dissolved as C :- {DOC}",3.2,MILLIGRAM PER LITRE
https://environment.data.gov.uk/water-quality/sampling-point/TH-RSN1074/sample/1395295/observation/0348,TH-RSN1074,RSN1074 THAMES U/S BRAY MARINA,-0.6812,51.4999,Thames,THAMES - WEST THAMES,Multiple Values,OPEN,FRESHWATER - RIVERS,2023-08-14T09:20:00,MONITORING  (NATIONAL AGENCY POLICY),RIVER / RUNNING SURFACE WATER,0348,"Phosphorus, Total as P",0.16,MILLIGRAM PER LITRE
https://environment.data.gov.uk/water-quality/sampling-point/TH-RSN1074/sample/1395295/observation/9686,TH-RSN1074,RSN1074 THAMES U/S BRAY MARINA,-0.6812,51.4999,Thames,THAMES - WEST THAMES,Multiple Values,OPEN,FRESHWATER - RIVERS,2023-08-14T09:20:00,MONITORING  (NATIONAL AGENCY POLICY),RIVER / RUNNING SURFACE WATER,9686,"Nitrogen, Total as N",6.4,MILLIGRAM PER LITRE
https://environment.data.gov.uk/water-quality/sampling-point/TH-RSN1074/sample/1395295/observation/9901,TH-RSN1074,RSN1074 THAMES U/S BRAY MARINA,-0.6812,51.4999,Thames,THAMES - WEST THAMES,Multiple Values,OPEN,FRESHWATER - RIVERS,2023-08-14T09:20:00,MONITORING  (NATIONAL AGENCY POLICY),RIVER / RUNNING SURFACE WATER,9901,"Oxygen, Dissolved, % Saturation",98.4,PERCENTAGE
https://environment.data.gov.uk/water-quality/sampling-point/TH-RSN1074/sample/1395295/observation/9924,TH-RSN1074,RSN1074 THAMES U/S BRAY MARINA,-0.6812,51.4999,Thames,THAMES - WEST THAMES,Multiple Values,OPEN,FRESHWATER - RIVERS,2023-08-14T09:20:00,MONITORING  (NATIONAL AGENCY POLICY),RIVER / RUNNING SURFACE WATER,9924,"Oxygen, Dissolved as O2",9.25,MILLIGRAM PER LITRE
https://environment.data.gov.uk/water-quality/sampling-point/TH-RSN1074/sample/1396290/observation/0061,TH-RSN1074,RSN1074 THAMES U/S BRAY MARINA,-0.6812,51.4999,Thames,THAMES - WEST THAMES,Multiple Values,OPEN,FRESHWATER - RIVERS,2023-09-04T09:26:00,MONITORING  (NATIONAL AGENCY POLICY),RIVER / RUNNING SURFACE WATER,0061,pH,8.06,PH UNITS
https://environment.data.gov.uk/water-quality/sampling-point/TH-RSN1074/sample/1396290/observation/0076,TH-RSN1074,RSN1074 THAMES U/S BRAY MARINA,-0.6812,51.4999,Thames,THAMES - WEST THAMES,Multiple Values,OPEN,FRESHWATER - RIVERS,2023-09-04T09:26:00,MONITORING  (NATIONAL AGENCY POLICY),RIVER / RUNNING SURFACE WATER,0076,Temperature of Water,18,CELSIUS
https://environment.data.gov.uk/water-quality/sampling-point/TH-RSN1074/sample/1396290/observation/0077,TH-RSN1074,RSN1074 THAMES U/S BRAY MARINA,-0.6812,51.4999,Thames,THAMES - WEST THAMES,Multiple Values,OPEN,FRESHWATER - RIVERS,2023-09-04T09:26:00,MONITORING  (NATIONAL AGENCY POLICY),RIVER / RUNNING SURFACE WATER,0077,Conductivity at 25 C,691,MICROSIEMENS PER CENTIMETRE
https://environment.data.gov.uk/water-quality/sampling-point/TH-RSN1074/sample/1396290/observation/0111,TH-RSN1074,RSN1074 THAMES U/S BRAY MARINA,-0.6812,51.4999,Thames,THAMES - WEST THAMES,Multiple Values,OPEN,FRESHWATER - RIVERS,2023-09-04T09:26:00,MONITORING  (NATIONAL AGENCY POLICY),RIVER / RUNNING SURFACE WATER,0111,Ammoniacal Nitrogen as N,<0.03,MILLIGRAM PER LITRE
https://environment.data.gov.uk/water-quality/sampling-point/TH-RSN1074/sample/1396290/observation/0116,TH-RSN1074,RSN1074 THAMES U/S BRAY MARINA,-0.6812,51.4999,Thames,THAMES - WEST THAMES,Multiple Values,OPEN,FRESHWATER - RIVERS,2023-09-04T09:26:00,MONITORING  (NATIONAL AGENCY POLICY),RIVER / RUNNING SURFACE WATER,0116,"Nitrogen, Total Oxidised as N",7,MILLIGRAM PER LITRE
https://environment.data.gov.uk/water-quality/sampling-point/TH-RSN1074/sample/1396290/observation/0117,TH-RSN1074,RSN1074 THAMES U/S BRAY MARINA,-0.6812,51.4999,Thames,THAMES - WEST THAMES,Multiple Values,OPEN,FRESHWATER - RIVERS,2023-09-04T09:26:00,MONITORING  (NATIONAL AGENCY POLICY),RIVER / RUNNING SURFACE WATER,0117,Nitrate as N,6.99,MILLIGRAM PER LITRE
https://environment.data.gov.uk/water-quality/sampling-point/TH-RSN1074/sample/1396290/observation/0118,TH-RSN1074,RSN1074 THAMES U/S BRAY MARINA,-0.6812,51.4999,Thames,THAMES - WEST THAMES,Multiple Values,OPEN,FRESHWATER - RIVERS,2023-09-04T09:26:00,MONITORING  (NATIONAL AGENCY POLICY),RIVER / RUNNING SURFACE WATER,0118,Nitrite as N,0.012,MILLIGRAM PER LITRE
https://environment.data.gov.uk/water-quality/sampling-point/TH-RSN1074/sample/1396290/observation/0119,TH-RSN1074,RSN1074 THAMES U/S BRAY MARINA,-0.6812,51.4999,Thames,THAMES - WEST THAMES,Multiple Values,OPEN,FRESHWATER - RIVERS,2023-09-04T09:26:00,MONITORING  (NATIONAL AGENCY POLICY),RIVER / RUNNING SURFACE WATER,0119,Ammonia un-ionised as N,<0.00098,MILLIGRAM PER LITRE
https://environment.data.gov.uk/water-quality/sampling-point/TH-RSN1074/sample/1396290/observation/0162,TH-RSN1074,RSN1074 THAMES U/S BRAY MARINA,-0.6812,51.4999,Thames,THAMES - WEST THAMES,Multiple Values,OPEN,FRESHWATER - RIVERS,2023-09-04T09:26:00,MONITORING  (NATIONAL AGENCY POLICY),RIVER / RUNNING SURFACE WATER,0162,Alkalinity to pH 4.5 as CaCO3,220,MILLIGRAM PER LITRE
https://environment.data.gov.uk/water-quality/sampling-point/TH-RSN1074/sample/1396290/observation/0172,TH-RSN1074,RSN1074 THAMES U/S BRAY MARINA,-0.6812,51.4999,Thames,THAMES - WEST THAMES,Multiple Values,OPEN,FRESHWATER - RIVERS,2023-09-04T09:26:00,MONITORING  (NATIONAL AGENCY POLICY),RIVER / RUNNING SURFACE WATER,0172,Chloride,42,MILLIGRAM PER LITRE
https://environment.data.gov.uk/water-quality/sampling-point/TH-RSN1074/sample/1396290/observation/0180,TH-RSN1074,RSN1074 THAMES U/S BRAY MARINA,-0.6812,51.4999,Thames,THAMES - WEST THAMES,Multiple Values,OPEN,FRESHWATER - RIVERS,2023-09-04T09:26:00,MONITORING  (NATIONAL AGENCY POLICY),RIVER / RUNNING SURFACE WATER,0180,"Orthophosphate, reactive as P",0.15,MILLIGRAM PER LITRE
https://environment.data.gov.uk/water-quality/sampling-point/TH-RSN1074/sample/1396290/observation/0182,TH-RSN1074,RSN1074 THAMES U/S BRAY MARINA,-0.6812,51.4999,Thames,THAMES - WEST THAMES,Multiple Values,OPEN,FRESHWATER - RIVERS,2023-09-04T09:26:00,MONITORING  (NATIONAL AGENCY POLICY),RIVER / RUNNING SURFACE WATER,0182,"Silica, reactive as SiO2",14,MILLIGRAM PER LITRE
https://environment.data.gov.uk/water-quality/sampling-point/TH-RSN1074/sample/1396290/observation/0301,TH-RSN1074,RSN1074 THAMES U/S BRAY MARINA,-0.6812,51.4999,Thames,THAMES - WEST THAMES,Multiple Values,OPEN,FRESHWATER - RIVERS,2023-09-04T09:26:00,MONITORING  (NATIONAL AGENCY POLICY),RIVER / RUNNING SURFACE WATER,0301,"Carbon, Organic, Dissolved as C :- {DOC}",2.7,MILLIGRAM PER LITRE
https://environment.data.gov.uk/water-quality/sampling-point/TH-RSN1074/sample/1396290/observation/0348,TH-RSN1074,RSN1074 THAMES U/S BRAY MARINA,-0.6812,51.4999,Thames,THAMES - WEST THAMES,Multiple Values,OPEN,FRESHWATER - RIVERS,2023-09-04T09:26:00,MONITORING  (NATIONAL AGENCY POLICY),RIVER / RUNNING SURFACE WATER,0348,"Phosphorus, Total as P",0.17,MILLIGRAM PER LITRE
https://environment.data.gov.uk/water-quality/sampling-point/TH-RSN1074/sample/1396290/observation/9686,TH-RSN1074,RSN1074 THAMES U/S BRAY MARINA,-0.6812,51.4999,Thames,THAMES - WEST THAMES,Multiple Values,OPEN,FRESHWATER - RIVERS,2023-09-04T09:26:00,MONITORING  (NATIONAL AGENCY POLICY),RIVER / RUNNING SURFACE WATER,9686,"Nitrogen, Total as N",7.5,MILLIGRAM PER LITRE
https://environment.data.gov.uk/water-quality/sampling-point/TH-RSN1074/sample/1396290/observation/9901,TH-RSN1074,RSN1074 THAMES U/S BRAY MARINA,-0.6812,51.4999,Thames,THAMES - WEST THAMES,Multiple Values,OPEN,FRESHWATER - RIVERS,2023-09-04T09:26:00,MONITORING  (NATIONAL AGENCY POLICY),RIVER / RUNNING SURFACE WATER,9901,"Oxygen, Dissolved, % Saturation",98.5,PERCENTAGE
https://environment.data.gov.uk/water-quality/sampling-point/TH-RSN1074/sample/1396290/observation/9924,TH-RSN1074,RSN1074 THAMES U/S BRAY MARINA,-0.6812,51.4999,Thames,THAMES - WEST THAMES,Multiple Values,OPEN,FRESHWATER - RIVERS,2023-09-04T09:26:00,MONITORING  (NATIONAL AGENCY POLICY),RIVER / RUNNING SURFACE WATER,9924,"Oxygen, Dissolved as O2",9.3,MILLIGRAM PER LITRE
https://environment.data.gov.uk/water-quality/sampling-point/TH-RSN1074/sample/1397473/observation/0061,TH-RSN1074,RSN1074 THAMES U/S BRAY MARINA,-0.6812,51.4999,Thames,THAMES - WEST THAMES,Multiple Values,OPEN,FRESHWATER - RIVERS,2023-10-09T08:54:00,MONITORING  (NATIONAL AGENCY POLICY),RIVER / RUNNING SURFACE WATER,0061,pH,8.1,PH UNITS
https://environment.data.gov.uk/water-quality/sampling-point/TH-RSN1074/sample/1397473/observation/0076,TH-RSN1074,RSN1074 THAMES U/S BRAY MARINA,-0.6812,51.4999,Thames,THAMES - WEST THAMES,Multiple Values,OPEN,FRESHWATER - RIVERS,2023-10-09T08:54:00,MONITORING  (NATIONAL AGENCY POLICY),RIVER / RUNNING SURFACE WATER,0076,Temperature of Water,15.1,CELSIUS
https://environment.data.gov.uk/water-quality/sampling-point/TH-RSN1074/sample/1397473/observation/0077,TH-RSN1074,RSN1074 THAMES U/S BRAY MARINA,-0.6812,51.4999,Thames,THAMES - WEST THAMES,Multiple Values,OPEN,FRESHWATER - RIVERS,2023-10-09T08:54:00,MONITORING  (NATIONAL AGENCY POLICY),RIVER / RUNNING SURFACE WATER,0077,Conductivity at 25 C,685,MICROSIEMENS PER CENTIMETRE
https://environment.data.gov.uk/water-quality/sampling-point/TH-RSN1074/sample/1397473/observation/0111,TH-RSN1074,RSN1074 THAMES U/S BRAY MARINA,-0.6812,51.4999,Thames,THAMES - WEST THAMES,Multiple Values,OPEN,FRESHWATER - RIVERS,2023-10-09T08:54:00,MONITORING  (NATIONAL AGENCY POLICY),RIVER / RUNNING SURFACE WATER,0111,Ammoniacal Nitrogen as N,<0.03,MILLIGRAM PER LITRE
https://environment.data.gov.uk/water-quality/sampling-point/TH-RSN1074/sample/1397473/observation/0116,TH-RSN1074,RSN1074 THAMES U/S BRAY MARINA,-0.6812,51.4999,Thames,THAMES - WEST THAMES,Multiple Values,OPEN,FRESHWATER - RIVERS,2023-10-09T08:54:00,MONITORING  (NATIONAL AGENCY POLICY),RIVER / RUNNING SURFACE WATER,0116,"Nitrogen, Total Oxidised as N",6.7,MILLIGRAM PER LITRE
https://environment.data.gov.uk/water-quality/sampling-point/TH-RSN1074/sample/1397473/observation/0117,TH-RSN1074,RSN1074 THAMES U/S BRAY MARINA,-0.6812,51.4999,Thames,THAMES - WEST THAMES,Multiple Values,OPEN,FRESHWATER - RIVERS,2023-10-09T08:54:00,MONITORING  (NATIONAL AGENCY POLICY),RIVER / RUNNING SURFACE WATER,0117,Nitrate as N,6.68,MILLIGRAM PER LITRE
https://environment.data.gov.uk/water-quality/sampling-point/TH-RSN1074/sample/1397473/observation/0118,TH-RSN1074,RSN1074 THAMES U/S BRAY MARINA,-0.6812,51.4999,Thames,THAMES - WEST THAMES,Multiple Values,OPEN,FRESHWATER - RIVERS,2023-10-09T08:54:00,MONITORING  (NATIONAL AGENCY POLICY),RIVER / RUNNING SURFACE WATER,0118,Nitrite as N,0.02,MILLIGRAM PER LITRE
https://environment.data.gov.uk/water-quality/sampling-point/TH-RSN1074/sample/1397473/observation/0119,TH-RSN1074,RSN1074 THAMES U/S BRAY MARINA,-0.6812,51.4999,Thames,THAMES - WEST THAMES,Multiple Values,OPEN,FRESHWATER - RIVERS,2023-10-09T08:54:00,MONITORING  (NATIONAL AGENCY POLICY),RIVER / RUNNING SURFACE WATER,0119,Ammonia un-ionised as N,<0.00079,MILLIGRAM PER LITRE
https://environment.data.gov.uk/water-quality/sampling-point/TH-RSN1074/sample/1397473/observation/0162,TH-RSN1074,RSN1074 THAMES U/S BRAY MARINA,-0.6812,51.4999,Thames,THAMES - WEST THAMES,Multiple Values,OPEN,FRESHWATER - RIVERS,2023-10-09T08:54:00,MONITORING  (NATIONAL AGENCY POLICY),RIVER / RUNNING SURFACE WATER,0162,Alkalinity to pH 4.5 as CaCO3,230,MILLIGRAM PER LITRE
https://environment.data.gov.uk/water-quality/sampling-point/TH-RSN1074/sample/1397473/observation/0172,TH-RSN1074,RSN1074 THAMES U/S BRAY MARINA,-0.6812,51.4999,Thames,THAMES - WEST THAMES,Multiple Values,OPEN,FRESHWATER - RIVERS,2023-10-09T08:54:00,MONITORING  (NATIONAL AGENCY POLICY),RIVER / RUNNING SURFACE WATER,0172,Chloride,41,MILLIGRAM PER LITRE
https://environment.data.gov.uk/water-quality/sampling-point/TH-RSN1074/sample/1397473/observation/0180,TH-RSN1074,RSN1074 THAMES U/S BRAY MARINA,-0.6812,51.4999,Thames,THAMES - WEST THAMES,Multiple Values,OPEN,FRESHWATER - RIVERS,2023-10-09T08:54:00,MONITORING  (NATIONAL AGENCY POLICY),RIVER / RUNNING SURFACE WATER,0180,"Orthophosphate, reactive as P",0.18,MILLIGRAM PER LITRE
https://environment.data.gov.uk/water-quality/sampling-point/TH-RSN1074/sample/1397473/observation/0182,TH-RSN1074,RSN1074 THAMES U/S BRAY MARINA,-0.6812,51.4999,Thames,THAMES - WEST THAMES,Multiple Values,OPEN,FRESHWATER - RIVERS,2023-10-09T08:54:00,MONITORING  (NATIONAL AGENCY POLICY),RIVER / RUNNING SURFACE WATER,0182,"Silica, reactive as SiO2",16,MILLIGRAM PER LITRE
https://environment.data.gov.uk/water-quality/sampling-point/TH-RSN1074/sample/1397473/observation/0301,TH-RSN1074,RSN1074 THAMES U/S BRAY MARINA,-0.6812,51.4999,Thames,THAMES - WEST THAMES,Multiple Values,OPEN,FRESHWATER - RIVERS,2023-10-09T08:54:00,MONITORING  (NATIONAL AGENCY POLICY),RIVER / RUNNING SURFACE WATER,0301,"Carbon, Organic, Dissolved as C :- {DOC}",3.8,MILLIGRAM PER LITRE
https://environment.data.gov.uk/water-quality/sampling-point/TH-RSN1074/sample/1397473/observation/0348,TH-RSN1074,RSN1074 THAMES U/S BRAY MARINA,-0.6812,51.4999,Thames,THAMES - WEST THAMES,Multiple Values,OPEN,FRESHWATER - RIVERS,2023-10-09T08:54:00,MONITORING  (NATIONAL AGENCY POLICY),RIVER / RUNNING SURFACE WATER,0348,"Phosphorus, Total as P",0.19,MILLIGRAM PER LITRE
https://environment.data.gov.uk/water-quality/sampling-point/TH-RSN1074/sample/1397473/observation/9686,TH-RSN1074,RSN1074 THAMES U/S BRAY MARINA,-0.6812,51.4999,Thames,THAMES - WEST THAMES,Multiple Values,OPEN,FRESHWATER - RIVERS,2023-10-09T08:54:00,MONITORING  (NATIONAL AGENCY POLICY),RIVER / RUNNING SURFACE WATER,9686,"Nitrogen, Total as N",7.5,MILLIGRAM PER LITRE
https://environment.data.gov.uk/water-quality/sampling-point/TH-RSN1074/sample/1397473/observation/9901,TH-RSN1074,RSN1074 THAMES U/S BRAY MARINA,-0.6812,51.4999,Thames,THAMES - WEST THAMES,Multiple Values,OPEN,FRESHWATER - RIVERS,2023-10-09T08:54:00,MONITORING  (NATIONAL AGENCY POLICY),RIVER / RUNNING SURFACE WATER,9901,"Oxygen, Dissolved, % Saturation",96.4,PERCENTAGE
https://environment.data.gov.uk/water-quality/sampling-point/TH-RSN1074/sample/1397473/observation/9924,TH-RSN1074,RSN1074 THAMES U/S BRAY MARINA,-0.6812,51.4999,Thames,THAMES - WEST THAMES,Multiple Values,OPEN,FRESHWATER - RIVERS,2023-10-09T08:54:00,MONITORING  (NATIONAL AGENCY POLICY),RIVER / RUNNING SURFACE WATER,9924,"Oxygen, Dissolved as O2",9.67,MILLIGRAM PER LITRE
https://environment.data.gov.uk/water-quality/sampling-point/TH-RSN1074/sample/1398986/observation/0061,TH-RSN1074,RSN1074 THAMES U/S BRAY MARINA,-0.6812,51.4999,Thames,THAMES - WEST THAMES,Multiple Values,OPEN,FRESHWATER - RIVERS,2023-11-02T09:43:00,MONITORING  (NATIONAL AGENCY POLICY),RIVER / RUNNING SURFACE WATER,0061,pH,8.06,PH UNITS
https://environment.data.gov.uk/water-quality/sampling-point/TH-RSN1074/sample/1398986/observation/0076,TH-RSN1074,RSN1074 THAMES U/S BRAY MARINA,-0.6812,51.4999,Thames,THAMES - WEST THAMES,Multiple Values,OPEN,FRESHWATER - RIVERS,2023-11-02T09:43:00,MONITORING  (NATIONAL AGENCY POLICY),RIVER / RUNNING SURFACE WATER,0076,Temperature of Water,11.2,CELSIUS
https://environment.data.gov.uk/water-quality/sampling-point/TH-RSN1074/sample/1398986/observation/0077,TH-RSN1074,RSN1074 THAMES U/S BRAY MARINA,-0.6812,51.4999,Thames,THAMES - WEST THAMES,Multiple Values,OPEN,FRESHWATER - RIVERS,2023-11-02T09:43:00,MONITORING  (NATIONAL AGENCY POLICY),RIVER / RUNNING SURFACE WATER,0077,Conductivity at 25 C,589,MICROSIEMENS PER CENTIMETRE
https://environment.data.gov.uk/water-quality/sampling-point/TH-RSN1074/sample/1398986/observation/0111,TH-RSN1074,RSN1074 THAMES U/S BRAY MARINA,-0.6812,51.4999,Thames,THAMES - WEST THAMES,Multiple Values,OPEN,FRESHWATER - RIVERS,2023-11-02T09:43:00,MONITORING  (NATIONAL AGENCY POLICY),RIVER / RUNNING SURFACE WATER,0111,Ammoniacal Nitrogen as N,0.041,MILLIGRAM PER LITRE
https://environment.data.gov.uk/water-quality/sampling-point/TH-RSN1074/sample/1398986/observation/0116,TH-RSN1074,RSN1074 THAMES U/S BRAY MARINA,-0.6812,51.4999,Thames,THAMES - WEST THAMES,Multiple Values,OPEN,FRESHWATER - RIVERS,2023-11-02T09:43:00,MONITORING  (NATIONAL AGENCY POLICY),RIVER / RUNNING SURFACE WATER,0116,"Nitrogen, Total Oxidised as N",4.8,MILLIGRAM PER LITRE
https://environment.data.gov.uk/water-quality/sampling-point/TH-RSN1074/sample/1398986/observation/0117,TH-RSN1074,RSN1074 THAMES U/S BRAY MARINA,-0.6812,51.4999,Thames,THAMES - WEST THAMES,Multiple Values,OPEN,FRESHWATER - RIVERS,2023-11-02T09:43:00,MONITORING  (NATIONAL AGENCY POLICY),RIVER / RUNNING SURFACE WATER,0117,Nitrate as N,4.78,MILLIGRAM PER LITRE
https://environment.data.gov.uk/water-quality/sampling-point/TH-RSN1074/sample/1398986/observation/0118,TH-RSN1074,RSN1074 THAMES U/S BRAY MARINA,-0.6812,51.4999,Thames,THAMES - WEST THAMES,Multiple Values,OPEN,FRESHWATER - RIVERS,2023-11-02T09:43:00,MONITORING  (NATIONAL AGENCY POLICY),RIVER / RUNNING SURFACE WATER,0118,Nitrite as N,0.018,MILLIGRAM PER LITRE
https://environment.data.gov.uk/water-quality/sampling-point/TH-RSN1074/sample/1398986/observation/0119,TH-RSN1074,RSN1074 THAMES U/S BRAY MARINA,-0.6812,51.4999,Thames,THAMES - WEST THAMES,Multiple Values,OPEN,FRESHWATER - RIVERS,2023-11-02T09:43:00,MONITORING  (NATIONAL AGENCY POLICY),RIVER / RUNNING SURFACE WATER,0119,Ammonia un-ionised as N,0.00082,MILLIGRAM PER LITRE
https://environment.data.gov.uk/water-quality/sampling-point/TH-RSN1074/sample/1398986/observation/0162,TH-RSN1074,RSN1074 THAMES U/S BRAY MARINA,-0.6812,51.4999,Thames,THAMES - WEST THAMES,Multiple Values,OPEN,FRESHWATER - RIVERS,2023-11-02T09:43:00,MONITORING  (NATIONAL AGENCY POLICY),RIVER / RUNNING SURFACE WATER,0162,Alkalinity to pH 4.5 as CaCO3,210,MILLIGRAM PER LITRE
https://environment.data.gov.uk/water-quality/sampling-point/TH-RSN1074/sample/1398986/observation/0172,TH-RSN1074,RSN1074 THAMES U/S BRAY MARINA,-0.6812,51.4999,Thames,THAMES - WEST THAMES,Multiple Values,OPEN,FRESHWATER - RIVERS,2023-11-02T09:43:00,MONITORING  (NATIONAL AGENCY POLICY),RIVER / RUNNING SURFACE WATER,0172,Chloride,28,MILLIGRAM PER LITRE
https://environment.data.gov.uk/water-quality/sampling-point/TH-RSN1074/sample/1398986/observation/0180,TH-RSN1074,RSN1074 THAMES U/S BRAY MARINA,-0.6812,51.4999,Thames,THAMES - WEST THAMES,Multiple Values,OPEN,FRESHWATER - RIVERS,2023-11-02T09:43:00,MONITORING  (NATIONAL AGENCY POLICY),RIVER / RUNNING SURFACE WATER,0180,"Orthophosphate, reactive as P",0.14,MILLIGRAM PER LITRE
https://environment.data.gov.uk/water-quality/sampling-point/TH-RSN1074/sample/1398986/observation/0182,TH-RSN1074,RSN1074 THAMES U/S BRAY MARINA,-0.6812,51.4999,Thames,THAMES - WEST THAMES,Multiple Values,OPEN,FRESHWATER - RIVERS,2023-11-02T09:43:00,MONITORING  (NATIONAL AGENCY POLICY),RIVER / RUNNING SURFACE WATER,0182,"Silica, reactive as SiO2",14,MILLIGRAM PER LITRE
https://environment.data.gov.uk/water-quality/sampling-point/TH-RSN1074/sample/1398986/observation/0301,TH-RSN1074,RSN1074 THAMES U/S BRAY MARINA,-0.6812,51.4999,Thames,THAMES - WEST THAMES,Multiple Values,OPEN,FRESHWATER - RIVERS,2023-11-02T09:43:00,MONITORING  (NATIONAL AGENCY POLICY),RIVER / RUNNING SURFACE WATER,0301,"Carbon, Organic, Dissolved as C :- {DOC}",6,MILLIGRAM PER LITRE
https://environment.data.gov.uk/water-quality/sampling-point/TH-RSN1074/sample/1398986/observation/0348,TH-RSN1074,RSN1074 THAMES U/S BRAY MARINA,-0.6812,51.4999,Thames,THAMES - WEST THAMES,Multiple Values,OPEN,FRESHWATER - RIVERS,2023-11-02T09:43:00,MONITORING  (NATIONAL AGENCY POLICY),RIVER / RUNNING SURFACE WATER,0348,"Phosphorus, Total as P",0.2,MILLIGRAM PER LITRE
https://environment.data.gov.uk/water-quality/sampling-point/TH-RSN1074/sample/1398986/observation/9686,TH-RSN1074,RSN1074 THAMES U/S BRAY MARINA,-0.6812,51.4999,Thames,THAMES - WEST THAMES,Multiple Values,OPEN,FRESHWATER - RIVERS,2023-11-02T09:43:00,MONITORING  (NATIONAL AGENCY POLICY),RIVER / RUNNING SURFACE WATER,9686,"Nitrogen, Total as N",5.9,MILLIGRAM PER LITRE
https://environment.data.gov.uk/water-quality/sampling-point/TH-RSN1074/sample/1398986/observation/9901,TH-RSN1074,RSN1074 THAMES U/S BRAY MARINA,-0.6812,51.4999,Thames,THAMES - WEST THAMES,Multiple Values,OPEN,FRESHWATER - RIVERS,2023-11-02T09:43:00,MONITORING  (NATIONAL AGENCY POLICY),RIVER / RUNNING SURFACE WATER,9901,"Oxygen, Dissolved, % Saturation",99.8,PERCENTAGE
https://environment.data.gov.uk/water-quality/sampling-point/TH-RSN1074/sample/1398986/observation/9924,TH-RSN1074,RSN1074 THAMES U/S BRAY MARINA,-0.6812,51.4999,Thames,THAMES - WEST THAMES,Multiple Values,OPEN,FRESHWATER - RIVERS,2023-11-02T09:43:00,MONITORING  (NATIONAL AGENCY POLICY),RIVER / RUNNING SURFACE WATER,9924,"Oxygen, Dissolved as O2",10.9,MILLIGRAM PER LITRE
https://environment.data.gov.uk/water-quality/sampling-point/TH-RSN1074/sample/1400643/observation/0061,TH-RSN1074,RSN1074 THAMES U/S BRAY MARINA,-0.6812,51.4999,Thames,THAMES - WEST THAMES,Multiple Values,OPEN,FRESHWATER - RIVERS,2023-12-01T11:15:00,MONITORING  (NATIONAL AGENCY POLICY),RIVER / RUNNING SURFACE WATER,0061,pH,8.18,PH UNITS
https://environment.data.gov.uk/water-quality/sampling-point/TH-RSN1074/sample/1400643/observation/0076,TH-RSN1074,RSN1074 THAMES U/S BRAY MARINA,-0.6812,51.4999,Thames,THAMES - WEST THAMES,Multiple Values,OPEN,FRESHWATER - RIVERS,2023-12-01T11:15:00,MONITORING  (NATIONAL AGENCY POLICY),RIVER / RUNNING SURFACE WATER,0076,Temperature of Water,5.7,CELSIUS
https://environment.data.gov.uk/water-quality/sampling-point/TH-RSN1074/sample/1400643/observation/0077,TH-RSN1074,RSN1074 THAMES U/S BRAY MARINA,-0.6812,51.4999,Thames,THAMES - WEST THAMES,Multiple Values,OPEN,FRESHWATER - RIVERS,2023-12-01T11:15:00,MONITORING  (NATIONAL AGENCY POLICY),RIVER / RUNNING SURFACE WATER,0077,Conductivity at 25 C,659,MICROSIEMENS PER CENTIMETRE
https://environment.data.gov.uk/water-quality/sampling-point/TH-RSN1074/sample/1400643/observation/0111,TH-RSN1074,RSN1074 THAMES U/S BRAY MARINA,-0.6812,51.4999,Thames,THAMES - WEST THAMES,Multiple Values,OPEN,FRESHWATER - RIVERS,2023-12-01T11:15:00,MONITORING  (NATIONAL AGENCY POLICY),RIVER / RUNNING SURFACE WATER,0111,Ammoniacal Nitrogen as N,0.038,MILLIGRAM PER LITRE
https://environment.data.gov.uk/water-quality/sampling-point/TH-RSN1074/sample/1400643/observation/0116,TH-RSN1074,RSN1074 THAMES U/S BRAY MARINA,-0.6812,51.4999,Thames,THAMES - WEST THAMES,Multiple Values,OPEN,FRESHWATER - RIVERS,2023-12-01T11:15:00,MONITORING  (NATIONAL AGENCY POLICY),RIVER / RUNNING SURFACE WATER,0116,"Nitrogen, Total Oxidised as N",6.4,MILLIGRAM PER LITRE
https://environment.data.gov.uk/water-quality/sampling-point/TH-RSN1074/sample/1400643/observation/0117,TH-RSN1074,RSN1074 THAMES U/S BRAY MARINA,-0.6812,51.4999,Thames,THAMES - WEST THAMES,Multiple Values,OPEN,FRESHWATER - RIVERS,2023-12-01T11:15:00,MONITORING  (NATIONAL AGENCY POLICY),RIVER / RUNNING SURFACE WATER,0117,Nitrate as N,6.38,MILLIGRAM PER LITRE
https://environment.data.gov.uk/water-quality/sampling-point/TH-RSN1074/sample/1400643/observation/0118,TH-RSN1074,RSN1074 THAMES U/S BRAY MARINA,-0.6812,51.4999,Thames,THAMES - WEST THAMES,Multiple Values,OPEN,FRESHWATER - RIVERS,2023-12-01T11:15:00,MONITORING  (NATIONAL AGENCY POLICY),RIVER / RUNNING SURFACE WATER,0118,Nitrite as N,0.019,MILLIGRAM PER LITRE
https://environment.data.gov.uk/water-quality/sampling-point/TH-RSN1074/sample/1400643/observation/0119,TH-RSN1074,RSN1074 THAMES U/S BRAY MARINA,-0.6812,51.4999,Thames,THAMES - WEST THAMES,Multiple Values,OPEN,FRESHWATER - RIVERS,2023-12-01T11:15:00,MONITORING  (NATIONAL AGENCY POLICY),RIVER / RUNNING SURFACE WATER,0119,Ammonia un-ionised as N,0.00051,MILLIGRAM PER LITRE
https://environment.data.gov.uk/water-quality/sampling-point/TH-RSN1074/sample/1400643/observation/0162,TH-RSN1074,RSN1074 THAMES U/S BRAY MARINA,-0.6812,51.4999,Thames,THAMES - WEST THAMES,Multiple Values,OPEN,FRESHWATER - RIVERS,2023-12-01T11:15:00,MONITORING  (NATIONAL AGENCY POLICY),RIVER / RUNNING SURFACE WATER,0162,Alkalinity to pH 4.5 as CaCO3,250,MILLIGRAM PER LITRE
https://environment.data.gov.uk/water-quality/sampling-point/TH-RSN1074/sample/1400643/observation/0172,TH-RSN1074,RSN1074 THAMES U/S BRAY MARINA,-0.6812,51.4999,Thames,THAMES - WEST THAMES,Multiple Values,OPEN,FRESHWATER - RIVERS,2023-12-01T11:15:00,MONITORING  (NATIONAL AGENCY POLICY),RIVER / RUNNING SURFACE WATER,0172,Chloride,29,MILLIGRAM PER LITRE
https://environment.data.gov.uk/water-quality/sampling-point/TH-RSN1074/sample/1400643/observation/0180,TH-RSN1074,RSN1074 THAMES U/S BRAY MARINA,-0.6812,51.4999,Thames,THAMES - WEST THAMES,Multiple Values,OPEN,FRESHWATER - RIVERS,2023-12-01T11:15:00,MONITORING  (NATIONAL AGENCY POLICY),RIVER / RUNNING SURFACE WATER,0180,"Orthophosphate, reactive as P",0.11,MILLIGRAM PER LITRE
https://environment.data.gov.uk/water-quality/sampling-point/TH-RSN1074/sample/1400643/observation/0182,TH-RSN1074,RSN1074 THAMES U/S BRAY MARINA,-0.6812,51.4999,Thames,THAMES - WEST THAMES,Multiple Values,OPEN,FRESHWATER - RIVERS,2023-12-01T11:15:00,MONITORING  (NATIONAL AGENCY POLICY),RIVER / RUNNING SURFACE WATER,0182,"Silica, reactive as SiO2",13,MILLIGRAM PER LITRE
https://environment.data.gov.uk/water-quality/sampling-point/TH-RSN1074/sample/1400643/observation/0301,TH-RSN1074,RSN1074 THAMES U/S BRAY MARINA,-0.6812,51.4999,Thames,THAMES - WEST THAMES,Multiple Values,OPEN,FRESHWATER - RIVERS,2023-12-01T11:15:00,MONITORING  (NATIONAL AGENCY POLICY),RIVER / RUNNING SURFACE WATER,0301,"Carbon, Organic, Dissolved as C :- {DOC}",3.9,MILLIGRAM PER LITRE
https://environment.data.gov.uk/water-quality/sampling-point/TH-RSN1074/sample/1400643/observation/0348,TH-RSN1074,RSN1074 THAMES U/S BRAY MARINA,-0.6812,51.4999,Thames,THAMES - WEST THAMES,Multiple Values,OPEN,FRESHWATER - RIVERS,2023-12-01T11:15:00,MONITORING  (NATIONAL AGENCY POLICY),RIVER / RUNNING SURFACE WATER,0348,"Phosphorus, Total as P",0.13,MILLIGRAM PER LITRE
https://environment.data.gov.uk/water-quality/sampling-point/TH-RSN1074/sample/1400643/observation/9686,TH-RSN1074,RSN1074 THAMES U/S BRAY MARINA,-0.6812,51.4999,Thames,THAMES - WEST THAMES,Multiple Values,OPEN,FRESHWATER - RIVERS,2023-12-01T11:15:00,MONITORING  (NATIONAL AGENCY POLICY),RIVER / RUNNING SURFACE WATER,9686,"Nitrogen, Total as N",6.7,MILLIGRAM PER LITRE
https://environment.data.gov.uk/water-quality/sampling-point/TH-RSN1074/sample/1400643/observation/9901,TH-RSN1074,RSN1074 THAMES U/S BRAY MARINA,-0.6812,51.4999,Thames,THAMES - WEST THAMES,Multiple Values,OPEN,FRESHWATER - RIVERS,2023-12-01T11:15:00,MONITORING  (NATIONAL AGENCY POLICY),RIVER / RUNNING SURFACE WATER,9901,"Oxygen, Dissolved, % Saturation",101.4,PERCENTAGE
https://environment.data.gov.uk/water-quality/sampling-point/TH-RSN1074/sample/1400643/observation/9924,TH-RSN1074,RSN1074 THAMES U/S BRAY MARINA,-0.6812,51.4999,Thames,THAMES - WEST THAMES,Multiple Values,OPEN,FRESHWATER - RIVERS,2023-12-01T11:15:00,MONITORING  (NATIONAL AGENCY POLICY),RIVER / RUNNING SURFACE WATER,9924,"Oxygen, Dissolved as O2",12.7,MILLIGRAM PER LITRE
https://environment.data.gov.uk/water-quality/sampling-point/TH-RTN0038/sample/1399127/observation/0061,TH-RTN0038,THAMES AT OLD WINDSOR LOCK,-0.5697,51.4626,Thames,THAMES - WEST THAMES,Multiple Values,OPEN,FRESHWATER - RIVERS,2023-11-07T13:22:00,MONITORING  (NATIONAL AGENCY POLICY),RIVER / RUNNING SURFACE WATER,0061,pH,7.94,PH UNITS
https://environment.data.gov.uk/water-quality/sampling-point/TH-RTN0038/sample/1399127/observation/0076,TH-RTN0038,THAMES AT OLD WINDSOR LOCK,-0.5697,51.4626,Thames,THAMES - WEST THAMES,Multiple Values,OPEN,FRESHWATER - RIVERS,2023-11-07T13:22:00,MONITORING  (NATIONAL AGENCY POLICY),RIVER / RUNNING SURFACE WATER,0076,Temperature of Water,9.3,CELSIUS
https://environment.data.gov.uk/water-quality/sampling-point/TH-RTN0038/sample/1399127/observation/0077,TH-RTN0038,THAMES AT OLD WINDSOR LOCK,-0.5697,51.4626,Thames,THAMES - WEST THAMES,Multiple Values,OPEN,FRESHWATER - RIVERS,2023-11-07T13:22:00,MONITORING  (NATIONAL AGENCY POLICY),RIVER / RUNNING SURFACE WATER,0077,Conductivity at 25 C,535,MICROSIEMENS PER CENTIMETRE
https://environment.data.gov.uk/water-quality/sampling-point/TH-RTN0038/sample/1399127/observation/9901,TH-RTN0038,THAMES AT OLD WINDSOR LOCK,-0.5697,51.4626,Thames,THAMES - WEST THAMES,Multiple Values,OPEN,FRESHWATER - RIVERS,2023-11-07T13:22:00,MONITORING  (NATIONAL AGENCY POLICY),RIVER / RUNNING SURFACE WATER,9901,"Oxygen, Dissolved, % Saturation",95.4,PERCENTAGE
https://environment.data.gov.uk/water-quality/sampling-point/TH-RTN0038/sample/1399127/observation/9924,TH-RTN0038,THAMES AT OLD WINDSOR LOCK,-0.5697,51.4626,Thames,THAMES - WEST THAMES,Multiple Values,OPEN,FRESHWATER - RIVERS,2023-11-07T13:22:00,MONITORING  (NATIONAL AGENCY POLICY),RIVER / RUNNING SURFACE WATER,9924,"Oxygen, Dissolved as O2",10.9,MILLIGRAM PER LITRE
https://environment.data.gov.uk/water-quality/sampling-point/TH-RTN0039/sample/1398609/observation/0061,TH-RTN0039,THAMES AT BELL WEIR LOCK,-0.5372,51.4384,Thames,THAMES - WEST THAMES,Multiple Values,OPEN,FRESHWATER - RIVERS,2023-10-31T13:41:00,MONITORING  (NATIONAL AGENCY POLICY),RIVER / RUNNING SURFACE WATER,0061,pH,8.02,PH UNITS
https://environment.data.gov.uk/water-quality/sampling-point/TH-RTN0039/sample/1398609/observation/0076,TH-RTN0039,THAMES AT BELL WEIR LOCK,-0.5372,51.4384,Thames,THAMES - WEST THAMES,Multiple Values,OPEN,FRESHWATER - RIVERS,2023-10-31T13:41:00,MONITORING  (NATIONAL AGENCY POLICY),RIVER / RUNNING SURFACE WATER,0076,Temperature of Water,11.5,CELSIUS
https://environment.data.gov.uk/water-quality/sampling-point/TH-RTN0039/sample/1398609/observation/0077,TH-RTN0039,THAMES AT BELL WEIR LOCK,-0.5372,51.4384,Thames,THAMES - WEST THAMES,Multiple Values,OPEN,FRESHWATER - RIVERS,2023-10-31T13:41:00,MONITORING  (NATIONAL AGENCY POLICY),RIVER / RUNNING SURFACE WATER,0077,Conductivity at 25 C,585,MICROSIEMENS PER CENTIMETRE
https://environment.data.gov.uk/water-quality/sampling-point/TH-RTN0039/sample/1398609/observation/9901,TH-RTN0039,THAMES AT BELL WEIR LOCK,-0.5372,51.4384,Thames,THAMES - WEST THAMES,Multiple Values,OPEN,FRESHWATER - RIVERS,2023-10-31T13:41:00,MONITORING  (NATIONAL AGENCY POLICY),RIVER / RUNNING SURFACE WATER,9901,"Oxygen, Dissolved, % Saturation",99.6,PERCENTAGE
https://environment.data.gov.uk/water-quality/sampling-point/TH-RTN0039/sample/1398609/observation/9924,TH-RTN0039,THAMES AT BELL WEIR LOCK,-0.5372,51.4384,Thames,THAMES - WEST THAMES,Multiple Values,OPEN,FRESHWATER - RIVERS,2023-10-31T13:41:00,MONITORING  (NATIONAL AGENCY POLICY),RIVER / RUNNING SURFACE WATER,9924,"Oxygen, Dissolved as O2",10.8,MILLIGRAM PER LITRE
